kind,domain,name,min_gray,max_gray,height_norm_mean,height_norm_std,grad_p95_um_per_um,grad_p995_um_per_um,curv_power_positive_frac,point_focus_frac_1_5mm,point_focus_frac_1_10mm,line_caustic_frac_1_5mm,median_point_focus_mm,spectral_centroid_norm,best_focus_score,best_z_mm,best_max_to_mean,best_p99_to_mean,best_p999_to_mean,best_bright_frac,best_logamp_grad_energy,amp_mean_at_best,amp_std_at_best,pc1,pc2,caustic_weight,caustic_focus_mm,caustic_radius_um,sampler_profile
reference,voronoi,ref_voronoi,0,198,0.4235881268978119,0.32125887274742126,0.015217320993542671,0.12141261994838715,0.3418831168831169,0.013993506493506494,0.08146103896103896,0.10448051948051948,9.831050872802734,0.027508221994462498,3.828468084335327,20.0,3.828468084335327,2.2735146096004026,2.8947243846250297,0.03655844155844156,0.03967024013400078,0.9103420376777649,0.3902212679386139,,,,,,
reference,mla_3mm,ref_mla_3mm,0,130,0.44468018412590027,0.039470043033361435,0.015642531216144562,0.02968674711883068,0.47899350649350647,0.010357142857142856,0.18237012987012988,0.11496753246753247,7.784632682800293,0.3891215769610451,3.980860471725464,5.0,3.980860471725464,2.672984604502787,3.247818307885377,0.04701298701298701,0.06013338267803192,0.8588637709617615,0.5037484169006348,,,,,,
reference,perlin,ref_perlin,0,255,0.47345075011253357,0.14807237684726715,0.030853016301989555,0.039859265089035034,0.5028571428571429,0.016948051948051948,0.12737012987012988,0.1401948051948052,8.800463676452637,0.07584823371110389,5.105716228485107,15.0,5.105716228485107,2.4569756120009756,2.986939495886483,0.03782467532467532,0.057855844497680664,0.8703676462173462,0.45925551652908325,,,,,,
dataset,mla,mla/0,90,161,0.5516480803489685,0.05676872283220291,0.024540621787309647,0.031724702566862106,0.5228246753246754,0.0637987012987013,0.197987012987013,0.3222077922077922,6.181782245635986,0.3728067761111572,4.315457820892334,10.0,4.315457820892334,2.5112154651594683,3.0977744679997117,0.03808441558441558,0.06105280667543411,0.8702581524848938,0.4697461724281311,2.9593420028686523,-4.1470947265625,,,,
dataset,mla,mla/1,90,199,0.6735777854919434,0.07083457708358765,0.030901066958904266,0.038303572684526443,0.5223701298701299,0.1210064935064935,0.21714285714285714,0.43253246753246755,4.938244819641113,0.3680286986160205,4.0016303062438965,6.0,4.0016303062438965,2.547724000120559,3.1840090094246163,0.03892857142857143,0.06061214953660965,0.872122585773468,0.4774511456489563,0.9558435082435608,-3.933682680130005,,,,
dataset,mla,mla/2,90,255,0.7879006862640381,0.1411972939968109,0.0613519586622715,0.0787142664194107,0.5264935064935065,0.21548701298701298,0.23327922077922078,0.6346428571428572,2.504801034927368,0.36752023554327273,4.439762115478516,6.0,4.439762115478516,2.4965675699616376,3.1660401065692736,0.0387012987012987,0.06055296212434769,0.8747518062591553,0.4731232523918152,-6.726494312286377,-2.7439041137695312,,,,
dataset,mla,mla/3,90,255,0.666157603263855,0.21865083277225494,0.09477735310792923,0.11344458162784576,0.5203246753246753,0.2137012987012987,0.21857142857142858,0.5266558441558442,1.6121290922164917,0.3702591757288755,4.795968055725098,10.0,4.795968055725098,2.591226564319377,3.278683869891331,0.04012987012987013,0.06157722696661949,0.8673991560935974,0.476180762052536,-13.038905143737793,-1.0738818645477295,,,,
dataset,mla,mla/4,90,255,0.759636640548706,0.15942075848579407,0.06920818239450455,0.08592496067285538,0.5227272727272727,0.2217207792207792,0.2327922077922078,0.6378571428571429,2.1994640827178955,0.36838592609409365,4.107666969299316,15.0,4.107666969299316,2.4098615250635667,2.949500369184995,0.03782467532467532,0.05761285126209259,0.8727139830589294,0.45510390400886536,-8.332138061523438,-2.481884002685547,,,,
dataset,mla,mla/5,90,159,0.5425081849098206,0.0558302216231823,0.02430025488138199,0.030610395595431328,0.5261363636363636,0.05688311688311688,0.19574675324675325,0.3110064935064935,6.343886375427246,0.36996260687058113,4.105854511260986,8.0,4.105854511260986,2.471526914613769,3.1219819282797365,0.040551948051948054,0.06117123365402222,0.8735289573669434,0.4691392481327057,3.080347776412964,-4.199162483215332,,,,
dataset,mla,mla/6,90,180,0.6119623184204102,0.06274742633104324,0.02706855908036232,0.033625707030296326,0.5210064935064935,0.0903896103896104,0.20931818181818182,0.38347402597402597,5.53277587890625,0.37300568275878665,3.9767513275146484,12.0,3.9767513275146484,2.4298092617408806,2.993712560843577,0.03792207792207792,0.05864046514034271,0.8752937912940979,0.4570743143558502,1.9712624549865723,-4.157192707061768,,,,
dataset,mla,mla/7,90,255,0.7191545367240906,0.18564558029174805,0.08092290163040161,0.10080889612436295,0.5270454545454546,0.22457792207792207,0.23194805194805196,0.6068181818181818,1.9061052799224854,0.368683734429652,4.714227199554443,6.0,4.714227199554443,2.7590714086467143,3.50604376047003,0.04344155844155844,0.06847833842039108,0.8577038049697876,0.5033189654350281,-10.600348472595215,-1.787625789642334,,,,
dataset,mla,mla/8,90,169,0.5789851546287537,0.06047865375876427,0.026201516389846802,0.03263808786869049,0.525,0.07850649350649351,0.20464285714285715,0.3518831168831169,5.833861827850342,0.36834585429825295,4.5557050704956055,12.0,4.5557050704956055,2.445258851875897,3.017948153725297,0.03873376623376623,0.05984076112508774,0.872479259967804,0.46197813749313354,2.4053215980529785,-4.10211181640625,,,,
dataset,mla,mla/9,90,166,0.569981038570404,0.058584064245224,0.02533336728811264,0.03163091093301773,0.5225324675324675,0.07155844155844156,0.2003896103896104,0.33844155844155843,6.015956401824951,0.37126611569586215,4.050070285797119,15.0,4.050070285797119,2.4575692459155554,3.042373237331146,0.03785714285714286,0.059987522661685944,0.868419885635376,0.4623015820980072,2.7446022033691406,-4.153260231018066,,,,
dataset,mla,mla/10,90,255,0.7579540014266968,0.16154570877552032,0.0711146667599678,0.08955705910921097,0.5234415584415585,0.22123376623376623,0.23266233766233765,0.6336363636363637,2.190145969390869,0.3660758542316687,3.6834969520568848,15.0,3.6834969520568848,2.436629781461649,2.930469627385719,0.03811688311688312,0.05808417126536369,0.870356023311615,0.4589165151119232,-8.552181243896484,-2.4681453704833984,,,,
dataset,mla,mla/11,90,255,0.78819739818573,0.1407841593027115,0.06117132306098938,0.07785159349441528,0.5226298701298702,0.21642857142857144,0.23282467532467532,0.6333766233766234,2.496394395828247,0.36791686957797515,4.140271186828613,12.0,4.140271186828613,2.5013794097862982,3.1174433429501245,0.03944805194805195,0.06080261245369911,0.8689149618148804,0.4679340422153473,-6.688817024230957,-2.7233762741088867,,,,
dataset,mla,mla/12,90,161,0.5514135956764221,0.05701623484492302,0.024696484208106995,0.03092307038605213,0.5248701298701298,0.06435064935064935,0.20126623376623376,0.3260064935064935,6.160428524017334,0.371599831199751,4.277642726898193,15.0,4.277642726898193,2.4438687754130313,3.032945359627578,0.0376948051948052,0.059130191802978516,0.870010256767273,0.4602237641811371,2.8841729164123535,-4.1852898597717285,,,,
dataset,mla,mla/13,90,219,0.7433514595031738,0.07781125605106354,0.033847417682409286,0.04289470985531807,0.5216558441558442,0.14068181818181819,0.22071428571428572,0.4685714285714286,4.533313274383545,0.36867718763425905,4.085695743560791,20.0,4.085695743560791,2.4455079701545728,3.014919133520916,0.037792207792207794,0.057596221566200256,0.8657238483428955,0.45763376355171204,0.04429962858557701,-3.9953832626342773,,,,
dataset,mla,mla/14,90,255,0.8610260486602783,0.092299684882164,0.03995785862207413,0.04886215180158615,0.5235714285714286,0.17477272727272727,0.22795454545454547,0.5316883116883117,3.791595220565796,0.3716828839957872,5.691677093505859,12.0,5.691677093505859,2.7825424774169365,3.568541887229433,0.043376623376623374,0.06210341304540634,0.8523786067962646,0.4977305829524994,-1.7924166917800903,-3.8019962310791016,,,,
dataset,mla,mla/15,90,255,0.6624637842178345,0.22102844715118408,0.09580178558826447,0.11592840403318405,0.5222727272727272,0.21412337662337663,0.2187987012987013,0.5179220779220779,1.586066722869873,0.3674272964587868,4.51968240737915,15.0,4.51968240737915,2.510971493581698,3.139662753929439,0.03837662337662338,0.05899157002568245,0.8678113222122192,0.46450018882751465,-13.150272369384766,-0.9904630780220032,,,,
dataset,mla,mla/16,90,255,0.6597314476966858,0.22300080955028534,0.09621448814868927,0.11477605998516083,0.5238961038961039,0.21324675324675324,0.2174025974025974,0.5166233766233767,1.5694384574890137,0.36537651620793804,4.227679252624512,10.0,4.227679252624512,2.58695001134054,3.2775142967874342,0.041428571428571426,0.0617753267288208,0.8661708831787109,0.47699058055877686,-13.43290901184082,-1.021012544631958,,,,
dataset,mla,mla/17,90,159,0.5414836406707764,0.056515198200941086,0.02455788478255272,0.030810493975877762,0.5237337662337662,0.0612012987012987,0.1968181818181818,0.3193831168831169,6.258621692657471,0.36776557281929423,4.159806728363037,8.0,4.159806728363037,2.4590517445588684,3.041395606194184,0.03964285714285714,0.06066475436091423,0.8743820786476135,0.4676527976989746,3.036878824234009,-4.053497314453125,,,,
dataset,mla,mla/18,90,255,0.6624293327331543,0.22136223316192627,0.09530583024024963,0.11475799977779388,0.5226623376623377,0.21292207792207793,0.2184090909090909,0.5240259740259741,1.6013420820236206,0.36712367893074127,4.330160140991211,8.0,4.330160140991211,2.6136068934015007,3.3550710816068405,0.041233766233766234,0.06259582936763763,0.8674845695495605,0.4815649390220642,-13.123913764953613,-1.1203385591506958,,,,
dataset,mla,mla/19,90,219,0.7446901798248291,0.07691313326358795,0.03349579498171806,0.042141206562519073,0.5216883116883116,0.13915584415584414,0.2214935064935065,0.4589285714285714,4.567768573760986,0.36944557147255086,3.727954864501953,10.0,3.727954864501953,2.3932351691598264,2.843610051611076,0.03675324675324675,0.05680996552109718,0.8775362372398376,0.45530277490615845,0.21031291782855988,-3.905158519744873,,,,
dataset,mla,mla/20,90,173,0.4675847291946411,0.1439128816127777,0.06238029524683952,0.0732322707772255,0.5105844155844156,0.27636363636363637,0.3004220779220779,0.6591558441558442,2.8794753551483154,0.25496498204390894,4.119048118591309,6.0,4.119048118591309,2.7502944961547993,3.456598250673587,0.04366883116883117,0.05871063098311424,0.8513253331184387,0.5127984285354614,-3.564971446990967,0.22060585021972656,,,,
dataset,mla,mla/21,90,176,0.4837164878845215,0.14333108067512512,0.06278350949287415,0.0742512121796608,0.5038636363636364,0.2727922077922078,0.2961038961038961,0.6585064935064935,2.8398213386535645,0.2583663525899446,4.476795673370361,8.0,4.476795673370361,2.5951584827826175,3.1978281049405957,0.041850649350649353,0.05570072680711746,0.8657471537590027,0.4834730625152588,-3.763228416442871,-0.016849946230649948,,,,
dataset,mla,mla/22,90,193,0.5263302326202393,0.16039088368415833,0.0696549192070961,0.08201804012060165,0.5110389610389611,0.28344155844155844,0.2993181818181818,0.6781493506493507,2.585010051727295,0.2564135910215915,3.8708815574645996,12.0,3.8708815574645996,2.453294253797149,2.9388171239719734,0.03814935064935065,0.05595012754201889,0.8741304874420166,0.45915594696998596,-4.882842063903809,0.4811229705810547,,,,
dataset,mla,mla/23,90,176,0.47717252373695374,0.14726707339286804,0.06396429240703583,0.07425462454557419,0.5074025974025974,0.27714285714285714,0.3000974025974026,0.661525974025974,2.7962138652801514,0.25634031744817537,3.902853012084961,6.0,3.902853012084961,2.7828962965477633,3.3981043518320306,0.043084415584415586,0.05750032514333725,0.8497879505157471,0.5164916515350342,-3.8848440647125244,0.17732122540473938,,,,
dataset,mla,mla/24,90,199,0.535081684589386,0.1673451066017151,0.07243045419454575,0.0846792683005333,0.5098701298701299,0.2867207792207792,0.30194805194805197,0.6869805194805195,2.500342845916748,0.2540700047808087,3.9426395893096924,6.0,3.9426395893096924,2.6702020499108303,3.4202747516881744,0.04071428571428572,0.05936165153980255,0.8643282055854797,0.49190086126327515,-5.388987064361572,0.5559257864952087,,,,
dataset,mla,mla/25,90,255,0.57689368724823,0.27482151985168457,0.11611220985651016,0.12791337072849274,0.4927597402597403,0.2766883116883117,0.2787012987012987,0.5952597402597403,1.4319349527359009,0.25568848084530876,3.875560760498047,10.0,3.875560760498047,2.4494463388280425,3.0306449399944833,0.03811688311688312,0.053507864475250244,0.8736293911933899,0.4639536738395691,-12.8452787399292,2.854430675506592,,,,
dataset,mla,mla/26,90,255,0.48030850291252136,0.3080851137638092,0.1273893415927887,0.13480620086193085,0.4683116883116883,0.18597402597402599,0.18678571428571428,0.42694805194805197,1.148970127105713,0.2653281313204752,3.8463943004608154,20.0,3.8463943004608154,2.478871532074192,3.0726747499729488,0.03788961038961039,0.0570899173617363,0.8653836846351624,0.457308292388916,-15.003531455993652,3.7360727787017822,,,,
dataset,mla,mla/27,90,255,0.6284683346748352,0.24943460524082184,0.10762980580329895,0.12245020270347595,0.49954545454545457,0.2906818181818182,0.293961038961039,0.7298701298701299,1.6037529706954956,0.2571103707512795,4.386313438415527,6.0,4.386313438415527,2.962921917109897,3.6881804143405432,0.04961038961038961,0.07181959599256516,0.8400943875312805,0.5324805974960327,-11.280753135681152,2.354262590408325,,,,
dataset,mla,mla/28,90,166,0.45729485154151917,0.13754026591777802,0.05993412807583809,0.07082244008779526,0.5048051948051948,0.271525974025974,0.30055194805194807,0.6479220779220779,3.009082317352295,0.25471072894207675,4.221950531005859,8.0,4.221950531005859,2.754649578109983,3.4540030381102897,0.04415584415584416,0.06114308908581734,0.8546030521392822,0.5025432705879211,-2.9911158084869385,-0.04700879752635956,,,,
dataset,mla,mla/29,90,255,0.5422818064689636,0.2879916727542877,0.12075650691986084,0.1310526579618454,0.48707792207792205,0.23474025974025975,0.23633116883116884,0.4893181818181818,1.2964434623718262,0.2618796407802925,4.077785015106201,6.0,4.077785015106201,2.616306409962163,3.2699945743391945,0.041655844155844154,0.05948345363140106,0.8697373270988464,0.48238605260849,-13.863609313964844,3.06182599067688,,,,
dataset,mla,mla/30,90,255,0.36848482489585876,0.32318776845932007,0.13351459801197052,0.13889484107494354,0.4153246753246753,0.10915584415584416,0.10931818181818181,0.3642207792207792,0.9336065649986267,0.28435300372711303,4.757652759552002,8.0,4.757652759552002,2.7577018772749584,3.91788391614266,0.039512987012987014,0.06332716345787048,0.8613848090171814,0.49319371581077576,-16.498363494873047,4.088637351989746,,,,
dataset,mla,mla/31,90,188,0.5142871141433716,0.15601849555969238,0.06775949895381927,0.08006616681814194,0.5104870129870129,0.280974025974026,0.30022727272727273,0.6757467532467533,2.6621744632720947,0.2559582905001707,3.9330217838287354,12.0,3.9330217838287354,2.5055150573834903,3.0432148187807893,0.03847402597402597,0.058992162346839905,0.8696783781051636,0.4688204526901245,-4.540786266326904,0.40869733691215515,,,,
dataset,mla,mla/32,90,193,0.5279282331466675,0.1591874212026596,0.06940853595733643,0.08136074990034103,0.5076948051948051,0.2814935064935065,0.29883116883116884,0.6781493506493507,2.578524112701416,0.2573835958765179,4.058439254760742,10.0,4.058439254760742,2.4205666252721167,2.9383525169337927,0.03814935064935065,0.05475939065217972,0.8732606172561646,0.464337021112442,-5.01467227935791,0.23833496868610382,,,,
dataset,mla,mla/33,90,255,0.685572624206543,0.21629862487316132,0.09438228607177734,0.111789770424366,0.5071428571428571,0.29185064935064936,0.2983116883116883,0.7203896103896104,1.9085792303085327,0.25365014463702507,6.9425835609436035,12.0,6.9425835609436035,3.7104060784281656,5.636988699604512,0.04256493506493506,0.06883455812931061,0.8053571581840515,0.5722749829292297,-8.877960205078125,1.5516616106033325,,,,
dataset,mla,mla/34,90,255,0.48554545640945435,0.30666884779930115,0.1268831491470337,0.1348247081041336,0.4700974025974026,0.18925324675324676,0.19,0.41785714285714287,1.1617954969406128,0.26604066399149445,3.596252679824829,15.0,3.596252679824829,2.3910795372637015,2.91860883707406,0.03766233766233766,0.05672632157802582,0.874891996383667,0.45440003275871277,-14.972460746765137,3.6950933933258057,,,,
dataset,mla,mla/35,90,169,0.4673349857330322,0.13798430562019348,0.060252595692873,0.07102707773447037,0.5062012987012987,0.2697727272727273,0.29724025974025975,0.6481168831168831,2.952889919281006,0.25881446141923187,4.2244720458984375,8.0,4.2244720458984375,2.649847533489509,3.34765749075874,0.04116883116883117,0.05901971459388733,0.8611342310905457,0.4911951720714569,-3.181903123855591,0.016919421032071114,,,,
dataset,mla,mla/36,90,184,0.49853405356407166,0.15394902229309082,0.06687089055776596,0.07820030301809311,0.5087337662337662,0.27905844155844156,0.29964285714285716,0.670974025974026,2.7147018909454346,0.2526653984354651,4.227633953094482,15.0,4.227633953094482,2.4943094408171604,3.0535364019782167,0.03909090909090909,0.0609266571700573,0.8672880530357361,0.4640934467315674,-4.339016437530518,0.31957828998565674,,,,
dataset,mla,mla/37,90,199,0.5405308604240417,0.16353370249271393,0.07085900753736496,0.08411533385515213,0.508961038961039,0.281525974025974,0.29818181818181816,0.6814285714285714,2.5084519386291504,0.2566021814579779,4.417292594909668,15.0,4.417292594909668,2.404804393993074,2.968270657085184,0.03792207792207792,0.05688423290848732,0.873153805732727,0.4550549387931824,-5.307507514953613,0.4236528277397156,,,,
dataset,mla,mla/38,90,255,0.4877951443195343,0.3060767948627472,0.1267952173948288,0.13487394154071808,0.4688311688311688,0.18801948051948053,0.18935064935064935,0.4184090909090909,1.1686490774154663,0.26655514837519206,3.8558168411254883,10.0,3.8558168411254883,2.369191734716957,2.8058101388462227,0.035194805194805195,0.054289914667606354,0.8828252553939819,0.4505650997161865,-14.940427780151367,3.7063138484954834,,,,
dataset,mla,mla/39,90,176,0.48055869340896606,0.1453620046377182,0.0630415827035904,0.07440216839313507,0.5082467532467533,0.2748376623376623,0.2988636363636364,0.6605844155844156,2.8236331939697266,0.2567242294745092,4.0257649421691895,6.0,4.0257649421691895,2.7947765802016753,3.39288391124857,0.042694805194805195,0.05770568177103996,0.8504327535629272,0.5150517821311951,-3.67211651802063,0.0911531075835228,,,,
dataset,mla,mla/40,90,169,0.33016812801361084,0.20660315454006195,0.07857714593410492,0.08195031434297562,0.4840584415584416,0.3312337662337662,0.3424675324675325,0.685487012987013,2.384892702102661,0.20583438221935874,4.574142932891846,6.0,4.574142932891846,2.871703382555964,3.4996388971614154,0.042727272727272725,0.058046236634254456,0.8438010215759277,0.5269175171852112,-4.801494598388672,2.6982946395874023,,,,
dataset,mla,mla/41,90,255,0.28962260484695435,0.32499271631240845,0.13388630747795105,0.13639913499355316,0.3647077922077922,0.12814935064935065,0.12827922077922077,0.43587662337662336,1.0373344421386719,0.22730372418280323,3.5757553577423096,6.0,3.5757553577423096,2.222759879950913,2.705138434271816,0.03142857142857143,0.04867514222860336,0.9019063115119934,0.42081642150878906,-13.283233642578125,5.739015102386475,,,,
dataset,mla,mla/42,90,188,0.3592376410961151,0.23129825294017792,0.08728266507387161,0.09090359508991241,0.48038961038961037,0.33305194805194804,0.34006493506493507,0.7000324675324675,2.1305992603302,0.20297489511329894,4.062686920166016,12.0,4.062686920166016,2.6454518794391997,3.2854730535283214,0.041850649350649353,0.059182584285736084,0.8611587882041931,0.4838029742240906,-6.055872917175293,3.282895565032959,,,,
dataset,mla,mla/43,90,180,0.3469862639904022,0.2192850112915039,0.08293267339468002,0.08649288862943649,0.47964285714285715,0.3293831168831169,0.33785714285714286,0.6884415584415584,2.2636899948120117,0.20228447868805619,4.1937127113342285,15.0,4.1937127113342285,2.648049966849509,3.2196355755214365,0.040779220779220776,0.06464933604001999,0.8595348000526428,0.4826250374317169,-5.478025436401367,3.1533031463623047,,,,
dataset,mla,mla/44,90,255,0.2599702775478363,0.31871339678764343,0.13583794236183167,0.13839063048362732,0.3428896103896104,0.09801948051948052,0.09805194805194806,0.4097727272727273,0.9504655599594116,0.2374746603108034,5.537354946136475,8.0,5.537354946136475,2.673444023029091,4.483300428955798,0.03597402597402597,0.05705110728740692,0.8700395822525024,0.4801237881183624,-13.850702285766602,5.714853763580322,,,,
dataset,mla,mla/45,90,249,0.4733334481716156,0.30457350611686707,0.11488236486911774,0.11952833831310272,0.4762662337662338,0.33555194805194805,0.33775974025974026,0.7320454545454546,1.628842830657959,0.20078278043192097,6.811635971069336,20.0,6.811635971069336,3.6378166881242517,4.958627792243205,0.046525974025974026,0.05969911813735962,0.8052810430526733,0.5612473487854004,-10.250016212463379,4.6215410232543945,,,,
dataset,mla,mla/46,90,184,0.3525390625,0.22448720037937164,0.08495284616947174,0.08854837715625763,0.47873376623376623,0.3296428571428571,0.33714285714285713,0.6934090909090909,2.1957173347473145,0.2034704699787231,3.9325621128082275,15.0,3.9325621128082275,2.5838261150502646,3.22137721396913,0.04220779220779221,0.06299212574958801,0.8608300089836121,0.4783776104450226,-5.825181007385254,3.174607992172241,,,,
dataset,mla,mla/47,90,255,0.2914576828479767,0.32491686940193176,0.1338762491941452,0.13634824752807617,0.36834415584415586,0.12762987012987012,0.12766233766233767,0.4390909090909091,1.0314456224441528,0.22904032812184327,3.8428945541381836,20.0,3.8428945541381836,2.426546118067577,2.9284012757547835,0.03766233766233766,0.05550595372915268,0.8714229464530945,0.4546710252761841,-13.454899787902832,5.517183303833008,,,,
dataset,mla,mla/48,90,173,0.32786595821380615,0.21137022972106934,0.08000288158655167,0.08306688070297241,0.4812012987012987,0.3319805194805195,0.3410064935064935,0.6848051948051948,2.3303732872009277,0.20434164759164378,4.34246826171875,6.0,4.34246826171875,2.8018850473463996,3.624151860823607,0.041655844155844154,0.05540074408054352,0.8458271622657776,0.5230483412742615,-4.965105056762695,2.861607313156128,,,,
dataset,mla,mla/49,90,237,0.4574041962623596,0.2886037230491638,0.10942228883504868,0.11412577331066132,0.4810714285714286,0.3361688311688312,0.3387012987012987,0.7309415584415584,1.709780216217041,0.20385909224779322,4.346948146820068,20.0,4.346948146820068,2.6581677440004747,3.471966775022568,0.04048701298701299,0.05070193484425545,0.852150559425354,0.4832572937011719,-9.542340278625488,4.279876708984375,,,,
dataset,mla,mla/50,90,193,0.37227869033813477,0.23574639856815338,0.08931208401918411,0.09314732253551483,0.48113636363636364,0.3337012987012987,0.3394805194805195,0.7037012987012987,2.098222017288208,0.20531550036008098,4.161253452301025,6.0,4.161253452301025,2.5873728659510147,3.2823335004831757,0.038214285714285715,0.05469208210706711,0.8692575097084045,0.48396560549736023,-6.518380641937256,3.244145154953003,,,,
dataset,mla,mla/51,90,219,0.4218995273113251,0.266365647315979,0.10094565153121948,0.10521433502435684,0.4810714285714286,0.3360714285714286,0.33990259740259743,0.7196103896103896,1.8634341955184937,0.20398219155802633,4.010251998901367,15.0,4.010251998901367,2.358539857662531,2.882993597238189,0.036948051948051945,0.054137684404850006,0.8777373433113098,0.4483505189418793,-8.330757141113281,3.9778499603271484,,,,
dataset,mla,mla/52,90,249,0.47429388761520386,0.3038986325263977,0.11498623341321945,0.11967733502388,0.4809090909090909,0.33574675324675324,0.33775974025974026,0.7361038961038961,1.6275705099105835,0.2005193675202815,6.768877029418945,20.0,6.768877029418945,3.6285395595868537,5.06851368084776,0.045714285714285714,0.05952800065279007,0.8063141703605652,0.5613441467285156,-10.0860595703125,4.698922157287598,,,,
dataset,mla,mla/53,90,255,0.4760530889034271,0.3142502009868622,0.11903839558362961,0.12389875203371048,0.4749025974025974,0.3311038961038961,0.3325,0.7347727272727272,1.531554102897644,0.20362488574348814,8.720453262329102,12.0,8.720453262329102,4.044059778312448,7.375213098471899,0.03538961038961039,0.06915074586868286,0.7777538895606995,0.6095126271247864,-10.847186088562012,5.017703533172607,,,,
dataset,mla,mla/54,90,173,0.3311026096343994,0.2105863243341446,0.07969262450933456,0.0830785408616066,0.4813961038961039,0.33084415584415583,0.3418831168831169,0.6860714285714286,2.3443410396575928,0.20408795221015327,4.116062164306641,8.0,4.116062164306641,2.6175901396791335,3.261330952760684,0.04159090909090909,0.05391266196966171,0.863308310508728,0.48789411783218384,-4.998871326446533,2.9033472537994385,,,,
dataset,mla,mla/55,90,255,0.44703975319862366,0.31983593106269836,0.12223847210407257,0.12627197802066803,0.4591233766233766,0.3217857142857143,0.3230844155844156,0.7275974025974026,1.4376747608184814,0.20852601834147033,5.9032182693481445,6.0,5.9032182693481445,3.6442420969284437,5.2069256731042906,0.04477272727272727,0.07699468731880188,0.8026850819587708,0.5882824063301086,-11.510187149047852,4.882521629333496,,,,
dataset,mla,mla/56,90,199,0.38522180914878845,0.24085478484630585,0.0914863720536232,0.09541083127260208,0.4825,0.33454545454545453,0.340974025974026,0.7067857142857142,2.0517683029174805,0.20390984203206275,3.9405181407928467,12.0,3.9405181407928467,2.41230890466114,2.8992393482977694,0.03711038961038961,0.05320748686790466,0.8749752640724182,0.45857053995132446,-6.735051155090332,3.356757164001465,,,,
dataset,mla,mla/57,90,188,0.36352136731147766,0.23026296496391296,0.0872565507888794,0.09091327339410782,0.48038961038961037,0.3303246753246753,0.3376298701298701,0.6962662337662338,2.1558918952941895,0.20240888765320708,4.163327693939209,12.0,4.163327693939209,2.6222221269303265,3.2938085758417937,0.042077922077922075,0.0589049831032753,0.8617936968803406,0.48336759209632874,-6.090771675109863,3.3090455532073975,,,,
dataset,mla,mla/58,90,169,0.32962578535079956,0.20697462558746338,0.07855299115180969,0.08202921599149704,0.48185064935064936,0.3288961038961039,0.3395779220779221,0.6830194805194805,2.3847239017486572,0.20402861911316617,4.245698928833008,6.0,4.245698928833008,2.8359418309914814,3.556447761362546,0.04211038961038961,0.057412028312683105,0.8446645736694336,0.5260303616523743,-4.811929702758789,2.8459110260009766,,,,
dataset,mla,mla/59,90,255,0.2119523584842682,0.30333688855171204,0.13701851665973663,0.13994061946868896,0.3041558441558442,0.07275974025974026,0.07275974025974026,0.3862337662337662,0.890273928642273,0.24637902975869178,4.820418357849121,8.0,4.820418357849121,2.4230255721865386,3.526980038306867,0.03298701298701299,0.05229189246892929,0.8892103433609009,0.4434560537338257,-14.36862564086914,5.363530158996582,,,,
dataset,mla,mla/60,90,188,0.2417956441640854,0.24566319584846497,0.08989238739013672,0.09152305126190186,0.4007792207792208,0.29165584415584417,0.2929220779220779,0.595551948051948,2.0037972927093506,0.17868498541781977,3.907644748687744,8.0,3.907644748687744,2.3921290508606217,2.890335227620313,0.034123376623376625,0.04501394182443619,0.8905359506607056,0.4402531087398529,-4.817406177520752,4.371856212615967,,,,
dataset,mla,mla/61,90,255,0.18678176403045654,0.2952076196670532,0.13458473980426788,0.13652394711971283,0.2637987012987013,0.09025974025974026,0.0902922077922078,0.36584415584415586,1.0306646823883057,0.203949070304909,3.3557136058807373,20.0,3.3557136058807373,2.2488621662997854,2.680733238624824,0.03211038961038961,0.04908046871423721,0.8862903118133545,0.4317272901535034,-11.567678451538086,6.530282974243164,,,,
dataset,mla,mla/62,90,255,0.1323496699333191,0.26083698868751526,0.1366850584745407,0.1400989294052124,0.200487012987013,0.046331168831168834,0.046331168831168834,0.2839935064935065,0.8895118832588196,0.224281629464345,4.467327117919922,10.0,4.467327117919922,2.131050665469174,3.1066494561858815,0.025974025974025976,0.03944425657391548,0.9153207540512085,0.3868984878063202,-13.014960289001465,6.155290603637695,,,,
dataset,mla,mla/63,90,228,0.2922399938106537,0.29540756344795227,0.10813876986503601,0.11008937656879425,0.4021753246753247,0.29483766233766234,0.2952597402597403,0.6306168831168831,1.6698698997497559,0.17955945122835062,4.200103282928467,15.0,4.200103282928467,2.339147051959157,2.8467312373053093,0.03600649350649351,0.05058269947767258,0.8818544745445251,0.446122407913208,-7.418187618255615,5.558751583099365,,,,
dataset,mla,mla/64,90,255,0.24314600229263306,0.31725654006004333,0.12980297207832336,0.13166901469230652,0.32532467532467535,0.1636038961038961,0.1637987012987013,0.470487012987013,1.1970263719558716,0.1934776828232616,3.695622205734253,15.0,3.695622205734253,2.269339493045433,2.782837857365243,0.032012987012987014,0.04862430691719055,0.8860089778900146,0.4357215464115143,-10.392054557800293,6.572505950927734,,,,
dataset,mla,mla/65,90,166,0.2265947461128235,0.2183200567960739,0.0797584131360054,0.08125735819339752,0.41818181818181815,0.3026948051948052,0.30704545454545457,0.594025974025974,2.2835805416107178,0.1837531255105729,4.312009811401367,6.0,4.312009811401367,2.651252959656351,3.4931800616134896,0.03720779220779221,0.052458710968494415,0.86512291431427,0.49191156029701233,-3.2619917392730713,3.8551037311553955,,,,
dataset,mla,mla/66,90,193,0.2558751702308655,0.2522098124027252,0.09199643135070801,0.09371408820152283,0.40535714285714286,0.29808441558441556,0.29977272727272725,0.6075324675324675,1.965798020362854,0.18047592260184134,4.241185665130615,6.0,4.241185665130615,2.5008020202803807,3.203877716460941,0.03402597402597403,0.04843774810433388,0.886652410030365,0.4534638822078705,-5.123824596405029,4.611445903778076,,,,
dataset,mla,mla/67,90,169,0.21957913041114807,0.22198157012462616,0.0811053216457367,0.08264460414648056,0.4012337662337662,0.29074675324675325,0.2938961038961039,0.5748376623376623,2.239347219467163,0.17857095323831432,4.354186058044434,6.0,4.354186058044434,2.640826148556587,3.365490093494641,0.03746753246753247,0.04975729435682297,0.869499921798706,0.48522043228149414,-3.398521661758423,3.960825204849243,,,,
dataset,mla,mla/68,90,211,0.2717171013355255,0.2756347954273224,0.10071677714586258,0.1025112122297287,0.3992207792207792,0.29149350649350647,0.2923701298701299,0.6132467532467533,1.797640323638916,0.1779347415625935,4.095124244689941,6.0,4.095124244689941,2.404142257824799,3.1728369321458065,0.03448051948051948,0.04775947704911232,0.8927995562553406,0.4400957226753235,-6.327510356903076,5.094326019287109,,,,
dataset,mla,mla/69,90,255,0.26529788970947266,0.323005348443985,0.12739837169647217,0.12932321429252625,0.3453896103896104,0.23068181818181818,0.23113636363636364,0.5775,1.279310941696167,0.18930913529435336,3.8882060050964355,6.0,3.8882060050964355,2.641624390276996,3.2793983840220347,0.04045454545454545,0.055793456733226776,0.8785903453826904,0.467922568321228,-10.464590072631836,6.276683807373047,,,,
dataset,mla,mla/70,90,255,0.16047008335590363,0.28048184514045715,0.13631117343902588,0.1386595070362091,0.23305194805194807,0.06584415584415584,0.06587662337662338,0.3239935064935065,0.9579957127571106,0.21276648610276477,5.006248950958252,8.0,5.006248950958252,2.279495200355624,3.7764646085982583,0.027175324675324675,0.04188966006040573,0.9070822596549988,0.40738898515701294,-12.21749496459961,6.381566047668457,,,,
dataset,mla,mla/71,90,255,0.18205766379833221,0.2930019497871399,0.13451388478279114,0.13652397692203522,0.25814935064935063,0.08847402597402597,0.0886038961038961,0.3580194805194805,1.0331283807754517,0.2021738771494152,3.4883909225463867,20.0,3.4883909225463867,2.249137009115938,2.6867669889646906,0.032175324675324676,0.04860515519976616,0.8864126205444336,0.4327189028263092,-11.320084571838379,6.677091598510742,,,,
dataset,mla,mla/72,90,180,0.23362213373184204,0.23426634073257446,0.08563254028558731,0.08708066493272781,0.4036688311688312,0.29642857142857143,0.2988961038961039,0.5921428571428572,2.127371311187744,0.18082619617042528,3.982405662536621,20.0,3.982405662536621,2.4814998050753996,3.123031294271091,0.03961038961038961,0.05787176638841629,0.864907443523407,0.4651370942592621,-4.31932258605957,4.227321624755859,,,,
dataset,mla,mla/73,90,193,0.2486402988433838,0.25194114446640015,0.09213346987962723,0.09385144710540771,0.40055194805194805,0.2922727272727273,0.2937662337662338,0.6002272727272727,1.9587348699569702,0.1791490363433362,4.168552398681641,6.0,4.168552398681641,2.4471515259170706,3.2213138123789395,0.03405844155844156,0.04716534540057182,0.8878703713417053,0.4500383734703064,-5.127432346343994,4.648887634277344,,,,
dataset,mla,mla/74,90,255,0.2621302604675293,0.3221065104007721,0.12739698588848114,0.1292525976896286,0.3439935064935065,0.22993506493506494,0.23016233766233765,0.5735714285714286,1.2722322940826416,0.18711940685993142,3.9345784187316895,6.0,3.9345784187316895,2.630184328127422,3.3698751778146665,0.03922077922077922,0.054823461920022964,0.8794563412666321,0.4667121469974518,-9.930815696716309,6.387401580810547,,,,
dataset,mla,mla/75,90,255,0.18613755702972412,0.29506582021713257,0.13464690744876862,0.13653911650180817,0.2620779220779221,0.09071428571428572,0.09081168831168832,0.3638961038961039,1.0342425107955933,0.20466820265358462,3.4395084381103516,20.0,3.4395084381103516,2.2678618782895885,2.7170879760742515,0.033116883116883114,0.04862559959292412,0.8864808082580566,0.43114906549453735,-11.574810028076172,6.3564558029174805,,,,
dataset,mla,mla/76,90,184,0.23599795997142792,0.2395508736371994,0.08756174147129059,0.08916575461626053,0.399512987012987,0.29243506493506494,0.2940584415584416,0.5874025974025974,2.0674898624420166,0.17885736173986855,4.281126499176025,15.0,4.281126499176025,2.5367401689814644,3.193067823376922,0.03896103896103896,0.059468820691108704,0.8669864535331726,0.4719392657279968,-4.292204856872559,4.464511871337891,,,,
dataset,mla,mla/77,90,255,0.2990143597126007,0.3285025954246521,0.12488933652639389,0.1268698275089264,0.37698051948051947,0.27025974025974026,0.2708766233766234,0.634025974025974,1.357790231704712,0.18671300111428712,5.53444242477417,6.0,5.53444242477417,3.251766922885485,4.782930011470736,0.03724025974025974,0.06353094428777695,0.8394518494606018,0.5351880788803101,-9.832139015197754,6.314905643463135,,,,
dataset,mla,mla/78,90,255,0.24014876782894135,0.31604087352752686,0.1297825425863266,0.13173028826713562,0.3215909090909091,0.15974025974025974,0.15987012987012986,0.4678246753246753,1.1918190717697144,0.1935646265223059,3.483381748199463,10.0,3.483381748199463,2.2655084946727757,2.9016431356328374,0.0323051948051948,0.044571373611688614,0.8943005800247192,0.4298398792743683,-10.356667518615723,6.486773490905762,,,,
dataset,mla,mla/79,90,255,0.13582250475883484,0.26359817385673523,0.13687503337860107,0.1400514841079712,0.20516233766233766,0.050162337662337665,0.050162337662337665,0.28733766233766234,0.8947350978851318,0.22357051703393432,4.567392349243164,10.0,4.567392349243164,2.1573439049133083,3.1437033294802554,0.026006493506493505,0.04044497758150101,0.9117640256881714,0.392284631729126,-12.944706916809082,6.247040271759033,,,,
dataset,mla,mla/80,90,219,0.19617196917533875,0.2701663374900818,0.10456233471632004,0.10612586885690689,0.30766233766233764,0.22324675324675325,0.22396103896103897,0.48584415584415586,1.7326728105545044,0.16268644388681505,3.600951671600342,20.0,3.600951671600342,2.2550757630186196,2.700132864281445,0.033116883116883114,0.047039009630680084,0.8868630528450012,0.42983773350715637,-5.341182231903076,6.002674579620361,,,,
dataset,mla,mla/81,90,161,0.14721044898033142,0.20074212551116943,0.07742226123809814,0.07871583104133606,0.3124025974025974,0.22652597402597402,0.22808441558441558,0.43337662337662336,2.329702138900757,0.1629943352370094,4.210349082946777,8.0,4.210349082946777,2.4405318215527263,3.367131819688741,0.03207792207792208,0.04496602341532707,0.8953559398651123,0.4326222836971283,-1.0686709880828857,4.420515060424805,,,,
dataset,mla,mla/82,90,255,0.15444470942020416,0.2782391905784607,0.1317768692970276,0.13414046168327332,0.21668831168831168,0.08961038961038961,0.08974025974025975,0.3137987012987013,1.126966118812561,0.1836766432120251,4.3502068519592285,6.0,4.3502068519592285,2.0671910669541043,2.745707323237435,0.027175324675324675,0.03207036852836609,0.9334494471549988,0.348419725894928,-9.67819881439209,7.094175338745117,,,,
dataset,mla,mla/83,90,188,0.17191322147846222,0.23411262035369873,0.0902387872338295,0.09162136912345886,0.31155844155844153,0.2264935064935065,0.22795454545454547,0.46246753246753247,2.0097832679748535,0.16187110647629352,3.78214955329895,8.0,3.78214955329895,2.18736089368503,2.741385376789305,0.030844155844155844,0.03817486763000488,0.9103649854660034,0.39845630526542664,-2.9465224742889404,5.284496307373047,,,,
dataset,mla,mla/84,90,255,0.16422392427921295,0.28439152240753174,0.12955348193645477,0.13176007568836212,0.22805194805194806,0.1125,0.11262987012987014,0.3451948051948052,1.2006480693817139,0.1767488328953008,3.482776403427124,20.0,3.482776403427124,2.1751378146653733,2.6740983722574665,0.030324675324675324,0.04365432634949684,0.8961262106895447,0.4138239324092865,-9.154566764831543,7.035782814025879,,,,
dataset,mla,mla/85,90,169,0.15092432498931885,0.2095722109079361,0.08135785162448883,0.08266022056341171,0.3048051948051948,0.21925324675324676,0.22042207792207794,0.4319155844155844,2.217764139175415,0.16175353135945128,4.096546649932861,6.0,4.096546649932861,2.4414758822124485,3.12192309377566,0.03198051948051948,0.03984988108277321,0.8991698622703552,0.42788243293762207,-1.7642632722854614,4.905714988708496,,,,
dataset,mla,mla/86,90,237,0.22596760094165802,0.297156423330307,0.113510861992836,0.11518488824367523,0.32626623376623376,0.23607142857142857,0.23685064935064934,0.5278571428571428,1.6009849309921265,0.16531731880373893,4.008906364440918,20.0,4.008906364440918,2.4137963359750882,2.996794375621672,0.03698051948051948,0.043655477464199066,0.8736283183097839,0.4487648904323578,-6.6723313331604,6.3542866706848145,,,,
dataset,mla,mla/87,90,199,0.18817627429962158,0.2478799819946289,0.09488922357559204,0.09629010409116745,0.3232467532467532,0.23516233766233766,0.2358116883116883,0.49392857142857144,1.90817129611969,0.16683907256840824,3.888075590133667,15.0,3.888075590133667,2.2330750069713563,2.7262987951407034,0.031818181818181815,0.04892542585730553,0.8900482654571533,0.43137049674987793,-4.385719299316406,5.203737735748291,,,,
dataset,mla,mla/88,90,255,0.11605430394411087,0.2487696260213852,0.13465796411037445,0.13826675713062286,0.17162337662337662,0.04831168831168831,0.04834415584415584,0.24224025974025973,0.9541576504707336,0.20039624646726936,4.825536251068115,8.0,4.825536251068115,2.041053395409363,3.4318446135508225,0.02366883116883117,0.03195945546030998,0.9299994707107544,0.3545345664024353,-10.618584632873535,7.098512649536133,,,,
dataset,mla,mla/89,90,205,0.18416817486286163,0.2526510953903198,0.09767653048038483,0.09916768968105316,0.3085064935064935,0.2239935064935065,0.22483766233766234,0.47519480519480517,1.861066460609436,0.16266825477924698,3.881927013397217,8.0,3.881927013397217,2.2247711393134564,3.0794969850977947,0.030584415584415586,0.03994129225611687,0.9047645926475525,0.41168975830078125,-4.46326208114624,5.490765571594238,,,,
dataset,mla,mla/90,90,249,0.22248882055282593,0.3063991069793701,0.11859171837568283,0.12042251229286194,0.30733766233766235,0.22350649350649351,0.22392857142857142,0.5077922077922078,1.5232263803482056,0.16176444539650478,5.646783828735352,20.0,5.646783828735352,3.1590484098676894,4.773505332477221,0.03318181818181818,0.04685434326529503,0.8471664190292358,0.5002970099449158,-6.980494022369385,6.673529624938965,,,,
dataset,mla,mla/91,90,169,0.1577623039484024,0.21193228662014008,0.08137739449739456,0.08263241499662399,0.3173051948051948,0.22892857142857143,0.23032467532467532,0.45081168831168833,2.2318036556243896,0.16281836226198138,4.186387062072754,6.0,4.186387062072754,2.4896601418421564,3.1397849548359305,0.03165584415584415,0.041485004127025604,0.8943586349487305,0.4377034604549408,-1.6573172807693481,4.8633317947387695,,,,
dataset,mla,mla/92,90,159,0.15031278133392334,0.19909927248954773,0.07614822685718536,0.07742532342672348,0.32217532467532467,0.2336038961038961,0.2361038961038961,0.442987012987013,2.3829843997955322,0.16470443439437377,4.116184711456299,6.0,4.116184711456299,2.400177483450026,3.366523462766235,0.03474025974025974,0.0441858172416687,0.899761438369751,0.42681339383125305,-1.1298552751541138,4.38795280456543,,,,
dataset,mla,mla/93,90,255,0.11277489364147186,0.24644145369529724,0.1346188187599182,0.13841304183006287,0.1658116883116883,0.045909090909090906,0.04597402597402597,0.2302922077922078,0.9611284136772156,0.20123680191828613,4.827643394470215,8.0,4.827643394470215,2.0327240494033902,3.5119901824399227,0.02214285714285714,0.029684463515877724,0.9322491884231567,0.3474058210849762,-11.303084373474121,6.91664981842041,,,,
dataset,mla,mla/94,90,255,0.18464088439941406,0.2957513630390167,0.1273888796567917,0.1293746829032898,0.2550974025974026,0.16685064935064936,0.16724025974025974,0.437012987012987,1.2784168720245361,0.17242075570785229,3.6939384937286377,5.0,3.6939384937286377,2.5055090300950584,3.2097377984190802,0.03409090909090909,0.04196378216147423,0.9067830443382263,0.41480597853660583,-8.5081787109375,6.956221103668213,,,,
dataset,mla,mla/95,90,249,0.23335278034210205,0.30965620279312134,0.11865821480751038,0.12042488902807236,0.32107142857142856,0.23448051948051948,0.23493506493506494,0.5317207792207792,1.5307804346084595,0.16621491157607407,5.93239688873291,20.0,5.93239688873291,3.19044423817406,4.764486357331677,0.035844155844155845,0.048465095460414886,0.8444160223007202,0.5079343318939209,-7.668635368347168,6.30476713180542,,,,
dataset,mla,mla/96,90,255,0.16633528470993042,0.28553199768066406,0.12960490584373474,0.13176178932189941,0.2305844155844156,0.11415584415584415,0.11418831168831169,0.3477922077922078,1.1972289085388184,0.17785229498993432,3.289308786392212,10.0,3.289308786392212,2.0803062194834765,2.5924387094861436,0.028051948051948054,0.0350908562541008,0.9167553186416626,0.38391631841659546,-9.332535743713379,6.801046848297119,,,,
dataset,mla,mla/97,90,237,0.21912221610546112,0.2948558032512665,0.11345631629228592,0.11516046524047852,0.3172077922077922,0.22944805194805196,0.23012987012987013,0.5162337662337663,1.5891413688659668,0.16419135934951432,3.9058029651641846,20.0,3.9058029651641846,2.4228961240969826,3.08567906574011,0.037305194805194807,0.04401187598705292,0.8740280270576477,0.4499751925468445,-6.544044017791748,6.372930526733398,,,,
dataset,mla,mla/98,90,255,0.1697615087032318,0.28756001591682434,0.12961570918560028,0.13169492781162262,0.23574675324675326,0.11737012987012987,0.1175,0.35409090909090907,1.1993544101715088,0.1777118091444081,3.324389696121216,20.0,3.324389696121216,2.141373425358932,2.576146994628764,0.029383116883116882,0.0436425544321537,0.8956172466278076,0.4141460657119751,-8.986907005310059,7.011040687561035,,,,
dataset,mla,mla/99,90,161,0.1468169242143631,0.20064032077789307,0.07740238308906555,0.07873701304197311,0.31025974025974024,0.22470779220779222,0.22655844155844157,0.4302597402597403,2.3354852199554443,0.1631523532589478,4.279181957244873,8.0,4.279181957244873,2.4650142110683664,3.3269932430090026,0.031753246753246755,0.045604802668094635,0.8940443992614746,0.4341176152229309,-1.3364553451538086,4.46439266204834,,,,
dataset,perlin,perlin/0,90,225,0.4503887891769409,0.14810751378536224,0.03651667386293411,0.045653000473976135,0.4999025974025974,0.004383116883116883,0.13766233766233765,0.12535714285714286,8.951936721801758,0.09885267343802409,5.593877792358398,12.0,5.593877792358398,2.7251081566153794,3.6357384167697644,0.041850649350649353,0.0569627471268177,0.8551627397537231,0.4912146329879761,9.22603702545166,4.098447322845459,,,,
dataset,perlin,perlin/1,90,254,0.5066196322441101,0.16185824573040009,0.041302621364593506,0.0517541840672493,0.49983766233766236,0.011558441558441558,0.15555194805194805,0.18051948051948052,8.14017391204834,0.1011747060057779,5.925784111022949,10.0,5.925784111022949,2.75857847080351,3.705130235527254,0.04107142857142857,0.058779262006282806,0.8558439016342163,0.49761906266212463,8.242794036865234,4.124644756317139,,,,
dataset,perlin,perlin/2,90,250,0.5018182992935181,0.17960946261882782,0.0451238714158535,0.057209890335798264,0.5070454545454546,0.02603896103896104,0.17425324675324674,0.23837662337662338,7.231963157653809,0.10329348422089052,5.878357887268066,15.0,5.878357887268066,2.61600283813506,3.518175089703011,0.041201298701298704,0.05799059197306633,0.8590388894081116,0.4826018810272217,7.253626823425293,4.414961814880371,,,,
dataset,perlin,perlin/3,90,203,0.4140909016132355,0.13883210718631744,0.04164862260222435,0.05055101215839386,0.49896103896103894,0.05538961038961039,0.18366883116883118,0.2908766233766234,6.337706565856934,0.12759173714618377,4.56050968170166,8.0,4.56050968170166,2.6273282834381604,3.422195626272875,0.04045454545454545,0.0619300976395607,0.865768551826477,0.48457473516464233,6.878413677215576,3.8473408222198486,,,,
dataset,perlin,perlin/4,90,227,0.462651789188385,0.15744929015636444,0.045221008360385895,0.054594364017248154,0.4986038961038961,0.055357142857142855,0.1903246753246753,0.29564935064935066,6.363887310028076,0.11867882899874865,5.981485843658447,10.0,5.981485843658447,2.59181820120393,3.4191848743137525,0.03834415584415585,0.05933971703052521,0.8664959669113159,0.47978150844573975,7.163947105407715,4.213907241821289,,,,
dataset,perlin,perlin/5,90,203,0.39067935943603516,0.13540711998939514,0.03359102085232735,0.04194003716111183,0.5045779220779221,0.0020454545454545456,0.11847402597402597,0.08318181818181818,9.725415229797363,0.0995126240893639,5.496156692504883,10.0,5.496156692504883,2.7966648848941182,3.7522548965867824,0.04214285714285714,0.05740077421069145,0.8535948395729065,0.49699991941452026,9.664166450500488,3.6060245037078857,,,,
dataset,perlin,perlin/6,90,244,0.49910300970077515,0.15592558681964874,0.033903080970048904,0.04215838015079498,0.5052272727272727,0.0001948051948051948,0.10305194805194805,0.05756493506493506,10.55289363861084,0.09016436261583562,6.017719268798828,12.0,6.017719268798828,2.803299038351728,3.9222851546505,0.040746753246753246,0.05502878874540329,0.8486417531967163,0.4989941716194153,9.42398738861084,3.494175910949707,,,,
dataset,perlin,perlin/7,90,238,0.44656428694725037,0.1596965193748474,0.04018743336200714,0.04908667132258415,0.49327922077922076,0.012402597402597403,0.15194805194805194,0.15948051948051947,8.182518005371094,0.10040332082133092,5.740346431732178,12.0,5.740346431732178,2.70636513243063,3.4999362652525194,0.04175324675324675,0.05861401557922363,0.8552390933036804,0.4949793517589569,8.720525741577148,4.202896595001221,,,,
dataset,perlin,perlin/8,90,231,0.48429805040359497,0.15194925665855408,0.04250532016158104,0.052105676382780075,0.4986038961038961,0.03912337662337662,0.1761038961038961,0.2674025974025974,6.730686187744141,0.11607768676082057,5.25570821762085,10.0,5.25570821762085,2.633684839793706,3.5036114619418264,0.03983766233766234,0.060427602380514145,0.8624568581581116,0.4853329360485077,7.526216983795166,4.336987018585205,,,,
dataset,perlin,perlin/9,90,243,0.4778018593788147,0.16342894732952118,0.046203453093767166,0.05700673907995224,0.5023051948051948,0.060454545454545455,0.18665584415584416,0.3067207792207792,6.169067859649658,0.11685849448291083,4.729616165161133,15.0,4.729616165161133,2.557553210849685,3.335230682200184,0.03941558441558442,0.05869049206376076,0.8636738657951355,0.47356346249580383,6.85497522354126,4.358608245849609,,,,
dataset,perlin,perlin/10,90,229,0.4574401378631592,0.14548996090888977,0.04292454943060875,0.051908452063798904,0.5069805194805195,0.05672077922077922,0.18905844155844156,0.31113636363636366,6.321225166320801,0.12588436072800446,4.843628883361816,8.0,4.843628883361816,2.600648420158673,3.4136564005294825,0.03876623376623377,0.06098012998700142,0.8674761652946472,0.48130103945732117,6.765042781829834,4.088107585906982,,,,
dataset,perlin,perlin/11,90,241,0.4627971053123474,0.17423248291015625,0.04265002906322479,0.05265253409743309,0.49662337662337663,0.018896103896103897,0.16305194805194806,0.20094155844155845,7.649306297302246,0.09822985294973527,6.414687156677246,12.0,6.414687156677246,2.707151422957681,3.5654143717135987,0.040584415584415584,0.05874985083937645,0.8585711717605591,0.4891575276851654,8.731171607971191,4.493165016174316,,,,
dataset,perlin,perlin/12,90,220,0.44435641169548035,0.14535477757453918,0.036216314882040024,0.04533664882183075,0.49873376623376625,0.0017532467532467534,0.13724025974025975,0.12165584415584416,9.09100341796875,0.1012624293389749,5.215827941894531,20.0,5.215827941894531,2.6450095618514813,3.450115356763241,0.0387987012987013,0.05574465170502663,0.8515704870223999,0.4779183268547058,8.721455574035645,3.503291368484497,,,,
dataset,perlin,perlin/13,90,230,0.4569879472255707,0.16174057126045227,0.04815134406089783,0.05874406173825264,0.49594155844155846,0.08912337662337662,0.19698051948051948,0.3418181818181818,5.5518670082092285,0.12550056720969605,4.79688835144043,12.0,4.79688835144043,2.5563734358803067,3.2732381706175744,0.0387012987012987,0.05820329487323761,0.867616593837738,0.47080960869789124,6.331859588623047,4.480930805206299,,,,
dataset,perlin,perlin/14,90,222,0.470689594745636,0.14218305051326752,0.0407136008143425,0.049504898488521576,0.5002922077922078,0.03353896103896104,0.17805194805194804,0.24646103896103896,7.112013339996338,0.11738396243052392,5.60397481918335,8.0,5.60397481918335,2.6202094381893444,3.5331953678031844,0.03909090909090909,0.06202945113182068,0.8637056350708008,0.4871070384979248,7.808768272399902,4.1853108406066895,,,,
dataset,perlin,perlin/15,90,244,0.4856625199317932,0.15626171231269836,0.04443741589784622,0.05493956804275513,0.5078571428571429,0.049577922077922075,0.18623376623376622,0.29642857142857143,6.531461715698242,0.1163545363903043,5.076218605041504,10.0,5.076218605041504,2.615840093728953,3.554649021146933,0.04081168831168831,0.05990473926067352,0.8644518852233887,0.48279327154159546,7.503829479217529,4.4284491539001465,,,,
dataset,perlin,perlin/16,90,242,0.4815131723880768,0.1555178165435791,0.042023804038763046,0.05143367499113083,0.49766233766233764,0.044025974025974024,0.17993506493506495,0.26142857142857145,6.788669109344482,0.11223976421408445,4.934384346008301,20.0,4.934384346008301,2.5473274433731157,3.294720673693829,0.03918831168831169,0.05771176517009735,0.8599992990493774,0.47076886892318726,7.855313777923584,4.320333003997803,,,,
dataset,perlin,perlin/17,90,234,0.48326992988586426,0.15339912474155426,0.040342506021261215,0.049205780029296875,0.49714285714285716,0.02012987012987013,0.1677922077922078,0.204512987012987,7.654955863952637,0.1057849923774377,5.214111328125,20.0,5.214111328125,2.620184305798479,3.2826331341091595,0.03931818181818182,0.057831745594739914,0.8561842441558838,0.47548526525497437,8.824845314025879,4.4678473472595215,,,,
dataset,perlin,perlin/18,90,235,0.4838848114013672,0.15088096261024475,0.04490434750914574,0.05387263745069504,0.5061038961038961,0.0659090909090909,0.1900974025974026,0.33055194805194804,6.012782573699951,0.12483159467508538,4.813248157501221,15.0,4.813248157501221,2.54780823219477,3.193690275687221,0.03866883116883117,0.05847328156232834,0.8656370639801025,0.46921291947364807,6.803928375244141,4.147247314453125,,,,
dataset,perlin,perlin/19,90,228,0.47333329916000366,0.15100061893463135,0.045926861464977264,0.05683239549398422,0.5097402597402597,0.07555194805194805,0.1943181818181818,0.34759740259740257,5.818517684936523,0.12594512809098887,4.880776882171631,8.0,4.880776882171631,2.5818466113852483,3.336293709282283,0.03931818181818182,0.061050210148096085,0.8688958287239075,0.47843047976493835,7.0266432762146,4.596945762634277,,,,
dataset,perlin,perlin/20,90,243,0.4701676070690155,0.15792794525623322,0.04718431085348129,0.05773534998297691,0.5030194805194805,0.08298701298701298,0.19646103896103895,0.3474675324675325,5.70262336730957,0.12538548418086778,5.32447624206543,12.0,5.32447624206543,2.563895191266866,3.2967206969480918,0.04022727272727273,0.05957682058215141,0.8659378290176392,0.4758315086364746,6.691256523132324,4.459259510040283,,,,
dataset,perlin,perlin/21,90,201,0.38861948251724243,0.14042803645133972,0.0422046035528183,0.05174677446484566,0.4984090909090909,0.05795454545454545,0.19207792207792207,0.3017207792207792,6.266587257385254,0.1251742477502885,4.831267833709717,10.0,4.831267833709717,2.623186686741362,3.34324979176926,0.040974025974025975,0.06058344617486,0.864812433719635,0.4827285706996918,7.618612289428711,4.2859954833984375,,,,
dataset,perlin,perlin/22,90,209,0.38454481959342957,0.1449594795703888,0.03770984709262848,0.04680226743221283,0.5041233766233766,0.009188311688311688,0.15376623376623377,0.17577922077922079,8.259047508239746,0.10510911058792814,5.580737590789795,10.0,5.580737590789795,2.7299129556889996,3.7221195650888057,0.040551948051948054,0.059190649539232254,0.8565415143966675,0.4943922162055969,9.126543998718262,4.151731014251709,,,,
dataset,perlin,perlin/23,90,230,0.4516240358352661,0.15141424536705017,0.035323332995176315,0.044011518359184265,0.5078571428571429,0.0032792207792207793,0.12837662337662337,0.10974025974025974,9.376004219055176,0.09440423459901806,6.298325538635254,12.0,6.298325538635254,2.7732506515685094,3.678743915777164,0.042305194805194804,0.05710398778319359,0.8497685790061951,0.499338835477829,9.545269012451172,4.001163959503174,,,,
dataset,perlin,perlin/24,90,205,0.40016794204711914,0.13580483198165894,0.03733738139271736,0.04604017361998558,0.4989935064935065,0.018896103896103897,0.16545454545454547,0.19792207792207792,7.744464874267578,0.1142796790073499,5.487311363220215,12.0,5.487311363220215,2.697593366476614,3.5798164751576573,0.04224025974025974,0.05931755527853966,0.8555794954299927,0.49222758412361145,8.183211326599121,3.7932262420654297,,,,
dataset,perlin,perlin/25,90,244,0.504163920879364,0.15626397728919983,0.04377176985144615,0.05340484157204628,0.4997077922077922,0.04883116883116883,0.17876623376623377,0.27610389610389613,6.632700443267822,0.11417972145062673,5.581057548522949,10.0,5.581057548522949,2.6295036448364275,3.5252605907095806,0.0400974025974026,0.05996141955256462,0.8627771139144897,0.485746830701828,7.881030082702637,4.495397090911865,,,,
dataset,perlin,perlin/26,90,208,0.42337092757225037,0.14721538126468658,0.03301756829023361,0.0407380610704422,0.5002922077922078,0.0005844155844155844,0.09623376623376623,0.04512987012987013,10.905701637268066,0.09089253158654353,6.20189905166626,8.0,6.20189905166626,2.8804781079033086,3.8467896383405913,0.04211038961038961,0.059704914689064026,0.844170331954956,0.5162692666053772,9.788718223571777,3.409642457962036,,,,
dataset,perlin,perlin/27,90,215,0.42045700550079346,0.13020841777324677,0.03704201802611351,0.04443167895078659,0.5035714285714286,0.016785714285714286,0.16327922077922077,0.20681818181818182,7.733266830444336,0.11819381238287181,5.094477653503418,15.0,5.094477653503418,2.628708912274544,3.391970250395834,0.04025974025974026,0.05754122883081436,0.8586068153381348,0.4777815341949463,8.183913230895996,3.6923234462738037,,,,
dataset,perlin,perlin/28,90,237,0.45672062039375305,0.16151544451713562,0.04837064817547798,0.059045225381851196,0.5019805194805195,0.09022727272727273,0.19912337662337662,0.3563961038961039,5.549570560455322,0.12633272092917197,4.391279220581055,10.0,4.391279220581055,2.5366819012063724,3.3135963861151128,0.037792207792207794,0.05944518372416496,0.8692329525947571,0.47136133909225464,6.256568908691406,4.438906669616699,,,,
dataset,perlin,perlin/29,90,221,0.4519554078578949,0.14459525048732758,0.03797454386949539,0.047439225018024445,0.4953896103896104,0.011006493506493506,0.1509090909090909,0.1664935064935065,8.180997848510742,0.10447367769757233,5.274543762207031,12.0,5.274543762207031,2.731206952976266,3.507682879730672,0.04253246753246753,0.05817876011133194,0.8574731349945068,0.49210137128829956,9.354576110839844,4.462003707885742,,,,
dataset,perlin,perlin/30,90,226,0.4260505437850952,0.15853655338287354,0.0419921875,0.05184720829129219,0.49363636363636365,0.027857142857142858,0.1713961038961039,0.22055194805194805,7.369866371154785,0.10909014706016648,5.201070785522461,10.0,5.201070785522461,2.641922461590952,3.591504744064761,0.040616883116883114,0.059848472476005554,0.8609135150909424,0.48874133825302124,7.618014335632324,3.936662435531616,,,,
dataset,perlin,perlin/31,90,239,0.46197405457496643,0.1558358520269394,0.041016679257154465,0.05052565783262253,0.4993506493506494,0.023766233766233765,0.16805194805194806,0.21782467532467534,7.471276760101318,0.10736512493743125,5.194388389587402,15.0,5.194388389587402,2.6501149186624033,3.411676407867253,0.04084415584415584,0.058232735842466354,0.8588884472846985,0.48259106278419495,8.160866737365723,4.22066068649292,,,,
dataset,perlin,perlin/32,90,215,0.4237555265426636,0.14714965224266052,0.032585036009550095,0.03997635096311569,0.4936038961038961,0.00022727272727272727,0.09545454545454546,0.04672077922077922,10.849546432495117,0.08992398047043891,7.22454833984375,20.0,7.22454833984375,2.6917210826276565,3.5336330314778723,0.040779220779220776,0.05408192798495293,0.8472914695739746,0.4850862920284271,9.885773658752441,3.6324357986450195,,,,
dataset,perlin,perlin/33,90,236,0.47567638754844666,0.1512746959924698,0.03921351581811905,0.04884030669927597,0.5001298701298701,0.014675324675324675,0.15428571428571428,0.19081168831168832,7.938506126403809,0.10650227640126914,6.015630722045898,15.0,6.015630722045898,2.6454672718199155,3.4790693216266346,0.041201298701298704,0.057036545127630234,0.8581551909446716,0.4835566580295563,8.371460914611816,4.089034557342529,,,,
dataset,perlin,perlin/34,90,220,0.43583497405052185,0.15696243941783905,0.0411222018301487,0.05139940232038498,0.5044805194805195,0.020681818181818183,0.16743506493506494,0.20853896103896105,7.659185886383057,0.10643477837083637,5.546776294708252,10.0,5.546776294708252,2.7105540570774256,3.706605022935748,0.04003246753246753,0.059560973197221756,0.8578526973724365,0.49382054805755615,8.372416496276855,4.199145793914795,,,,
dataset,perlin,perlin/35,90,245,0.4985407888889313,0.15869472920894623,0.04742367938160896,0.058116763830184937,0.5009090909090909,0.0821103896103896,0.19886363636363635,0.34889610389610387,5.7012128829956055,0.12747472558038409,4.800994396209717,10.0,4.800994396209717,2.6058822416695757,3.3790551200059156,0.03909090909090909,0.06051865592598915,0.8665218949317932,0.4794027507305145,6.444032192230225,4.421004772186279,,,,
dataset,perlin,perlin/36,90,202,0.38577160239219666,0.12640847265720367,0.037735506892204285,0.046464841812849045,0.5008441558441559,0.02951298701298701,0.1749025974025974,0.24714285714285714,7.1354193687438965,0.12434145814969227,5.373641490936279,12.0,5.373641490936279,2.6455378427095675,3.5126498085653926,0.040779220779220776,0.059127189218997955,0.8607017397880554,0.48551157116889954,8.231765747070312,3.9997100830078125,,,,
dataset,perlin,perlin/37,90,216,0.4566393196582794,0.14594204723834991,0.04166734963655472,0.05124744400382042,0.5124025974025974,0.03172077922077922,0.17737012987012987,0.2599025974025974,7.101096153259277,0.1166218737834437,4.90144157409668,12.0,4.90144157409668,2.6044966914167005,3.4771735102281554,0.041233766233766234,0.05881080776453018,0.8619261384010315,0.4812321066856384,8.131478309631348,4.222054958343506,,,,
dataset,perlin,perlin/38,90,223,0.4746156334877014,0.15637080371379852,0.03493645042181015,0.04273197799921036,0.49597402597402596,0.0006818181818181819,0.11042207792207792,0.06746753246753247,10.212061882019043,0.08801203522488185,6.075753688812256,15.0,6.075753688812256,2.797765600639124,3.832728066192955,0.04327922077922078,0.056016866117715836,0.8468002080917358,0.4986388385295868,10.041607856750488,3.8020341396331787,,,,
dataset,perlin,perlin/39,90,210,0.39019542932510376,0.14617066085338593,0.037110913544893265,0.045252591371536255,0.5018181818181818,0.0037337662337662337,0.14314935064935064,0.13347402597402597,8.71193790435791,0.10183858883819555,5.412603855133057,15.0,5.412603855133057,2.706759143919835,3.62540951759516,0.04038961038961039,0.057911407202482224,0.8546422123908997,0.4874899089336395,8.994476318359375,3.7267332077026367,,,,
dataset,perlin,perlin/40,90,201,0.4100273549556732,0.12528656423091888,0.03196427971124649,0.038888126611709595,0.5019480519480519,0.0021103896103896102,0.1225974025974026,0.09301948051948052,9.58655071258545,0.10290797759681536,5.429020404815674,15.0,5.429020404815674,2.75416164066598,3.816902593566985,0.04087662337662338,0.05613279715180397,0.8507536053657532,0.49334701895713806,10.039509773254395,3.764626979827881,,,,
dataset,perlin,perlin/41,90,241,0.4975428581237793,0.1684606373310089,0.03766826167702675,0.04703034833073616,0.501103896103896,0.0018181818181818182,0.1249025974025974,0.09788961038961039,9.52723217010498,0.0885914633246046,6.487946510314941,20.0,6.487946510314941,2.717033569437597,3.5825182002719917,0.041655844155844154,0.0559086874127388,0.8448340892791748,0.48896557092666626,9.447936058044434,4.0273919105529785,,,,
dataset,perlin,perlin/42,90,249,0.5002192258834839,0.16175688803195953,0.04510732740163803,0.054362934082746506,0.49772727272727274,0.05792207792207792,0.1898051948051948,0.29295454545454547,6.348487854003906,0.11350950947798283,5.69260835647583,10.0,5.69260835647583,2.6158756099491156,3.2695535840905174,0.039902597402597405,0.05985848978161812,0.8654021620750427,0.4802885353565216,7.585195541381836,4.923765659332275,,,,
dataset,perlin,perlin/43,90,208,0.40621688961982727,0.13229605555534363,0.03680608794093132,0.04435930401086807,0.5067207792207792,0.012467532467532468,0.16207792207792207,0.19305194805194806,7.930525779724121,0.11442874647658945,5.559876441955566,10.0,5.559876441955566,2.7557087222117542,3.7437048244151914,0.04068181818181818,0.05901302024722099,0.8553667068481445,0.49576660990715027,8.472724914550781,3.7073850631713867,,,,
dataset,perlin,perlin/44,90,238,0.45751863718032837,0.16598008573055267,0.037090152502059937,0.04481220617890358,0.5068181818181818,0.0006818181818181819,0.11457792207792208,0.08743506493506494,9.979262351989746,0.08803624330230116,5.831117153167725,12.0,5.831117153167725,2.80163313301795,3.8723112854851323,0.041363636363636366,0.056297507137060165,0.848733127117157,0.5005647540092468,9.253299713134766,3.876567840576172,,,,
dataset,perlin,perlin/45,90,236,0.48252084851264954,0.16049689054489136,0.035073187202215195,0.04377472773194313,0.5040909090909091,0.0009415584415584416,0.10704545454545454,0.06740259740259741,10.313971519470215,0.08739480207305428,6.13356351852417,15.0,6.13356351852417,2.8212542955810047,3.85897322597078,0.041655844155844154,0.0563206672668457,0.8471179008483887,0.5005351901054382,9.686924934387207,3.9567065238952637,,,,
dataset,perlin,perlin/46,90,213,0.44305315613746643,0.15984652936458588,0.0363093763589859,0.044896967709064484,0.5013311688311688,0.0013311688311688312,0.11694805194805195,0.08185064935064935,9.949028015136719,0.09031235343364742,6.2054443359375,15.0,6.2054443359375,2.8151975860683875,3.8208959291949363,0.04175324675324675,0.05659645050764084,0.8484939336776733,0.500456690788269,9.198504447937012,3.7892706394195557,,,,
dataset,perlin,perlin/47,90,228,0.45338523387908936,0.15077289938926697,0.04437713697552681,0.05331922695040703,0.5002272727272727,0.06996753246753247,0.1967207792207792,0.3184090909090909,6.012487411499023,0.1251645350903983,5.030666828155518,8.0,5.030666828155518,2.59887362181458,3.39389847191176,0.03964285714285714,0.061912182718515396,0.8666865229606628,0.48269417881965637,7.063818454742432,4.392164707183838,,,,
dataset,perlin,perlin/48,90,232,0.46656325459480286,0.15775026381015778,0.04306816682219505,0.05216411501169205,0.4960064935064935,0.04542207792207792,0.1837987012987013,0.265,6.657269477844238,0.11454304221839942,5.504368782043457,12.0,5.504368782043457,2.672181385223675,3.517005902430409,0.04038961038961039,0.058684397488832474,0.8615787625312805,0.48364171385765076,7.231257438659668,4.26832389831543,,,,
dataset,perlin,perlin/49,90,211,0.3986245393753052,0.13785028457641602,0.04099053889513016,0.049573011696338654,0.5019480519480519,0.04704545454545454,0.18282467532467533,0.27636363636363637,6.6966328620910645,0.1234303507535725,5.58604097366333,10.0,5.58604097366333,2.6193932220370137,3.4478247042905807,0.04064935064935065,0.06022908166050911,0.8629195690155029,0.48499447107315063,7.974475860595703,4.119988918304443,,,,
dataset,perlin,perlin/50,90,216,0.41370123624801636,0.1377430558204651,0.026659220457077026,0.033865153789520264,0.5007142857142857,0.0035714285714285713,0.09626623376623376,0.06951298701298701,10.459162712097168,0.06769319384955812,4.146087169647217,8.0,4.146087169647217,2.457609564094805,2.9682541151165904,0.038896103896103894,0.060611430555582047,0.8761272430419922,0.4649602472782135,6.799856185913086,0.9383837580680847,,,,
dataset,perlin,perlin/51,90,251,0.5112794041633606,0.15038520097732544,0.02639436535537243,0.033552732318639755,0.49782467532467534,0.0018506493506493507,0.07892857142857143,0.04103896103896104,11.492956161499023,0.06191443429066579,4.3990325927734375,8.0,4.3990325927734375,2.563415012819383,3.110343361755449,0.03876623376623377,0.06140904128551483,0.8718644976615906,0.47253841161727905,7.284253120422363,1.1701384782791138,,,,
dataset,perlin,perlin/52,90,219,0.4023043215274811,0.12456053495407104,0.025462277233600616,0.03317319601774216,0.5004220779220779,0.003246753246753247,0.09957792207792208,0.0726948051948052,10.485753059387207,0.07083518354916257,5.172370910644531,8.0,5.172370910644531,2.6683215969645206,3.512981267555417,0.04025974025974026,0.06236173212528229,0.8642977476119995,0.48724794387817383,7.890807151794434,1.3131086826324463,,,,
dataset,perlin,perlin/53,90,211,0.42323604226112366,0.13982298970222473,0.026937883347272873,0.0348845012485981,0.5004545454545455,0.0035714285714285713,0.09730519480519481,0.07103896103896104,10.523555755615234,0.06854219274528722,4.331750392913818,10.0,4.331750392913818,2.621858087917639,3.3510494548797203,0.04188311688311688,0.060941390693187714,0.8636939525604248,0.48442310094833374,7.8416428565979,1.7975656986236572,,,,
dataset,perlin,perlin/54,90,222,0.43180927634239197,0.1262338012456894,0.02065536379814148,0.026507103815674782,0.4993831168831169,0.0,0.02483766233766234,0.0024675324675324677,15.890340805053711,0.05094697664713909,5.615450382232666,20.0,5.615450382232666,2.8303387993205598,3.815725582548759,0.04301948051948052,0.05560347065329552,0.8441357612609863,0.5057359337806702,10.232151985168457,1.5453505516052246,,,,
dataset,perlin,perlin/55,90,210,0.43333759903907776,0.13476838171482086,0.023874547332525253,0.03163057938218117,0.5026948051948052,0.00045454545454545455,0.0688961038961039,0.030422077922077923,12.334712028503418,0.06307843456915704,4.2578043937683105,8.0,4.2578043937683105,2.539219567091409,3.270815980856199,0.04025974025974026,0.061151694506406784,0.8716865181922913,0.4742249846458435,7.664166450500488,0.8731333017349243,,,,
dataset,perlin,perlin/56,90,207,0.45079031586647034,0.13526742160320282,0.02408084273338318,0.030417878180742264,0.4992532467532467,0.0008766233766233767,0.07876623376623376,0.03808441558441558,11.712592124938965,0.060509694980323075,4.818024158477783,15.0,4.818024158477783,2.60750085991969,3.3508535505572037,0.04194805194805195,0.05816807597875595,0.8586296439170837,0.47915229201316833,8.486359596252441,1.4587628841400146,,,,
dataset,perlin,perlin/57,90,209,0.4270241856575012,0.11837545037269592,0.02376195229589939,0.03114001266658306,0.5005194805194805,0.0007467532467532468,0.0727922077922078,0.03581168831168831,11.766512870788574,0.07017130759680226,4.506016731262207,8.0,4.506016731262207,2.742304009012717,3.624433946327083,0.041428571428571426,0.06280974298715591,0.8587888479232788,0.49668461084365845,8.526248931884766,1.4356266260147095,,,,
dataset,perlin,perlin/58,90,236,0.5028265714645386,0.15429465472698212,0.025869084522128105,0.03294089064002037,0.5010064935064935,0.0007792207792207792,0.07266233766233766,0.03600649350649351,11.970544815063477,0.05552940791218743,4.567651271820068,12.0,4.567651271820068,2.5501364717647332,3.213184679498149,0.037954545454545456,0.05863574147224426,0.8697308897972107,0.46845459938049316,7.7023515701293945,1.270854115486145,,,,
dataset,perlin,perlin/59,90,231,0.5015580058097839,0.14975577592849731,0.02485397271811962,0.03188405930995941,0.5018506493506494,9.74025974025974e-05,0.05185064935064935,0.017305194805194806,13.397844314575195,0.05574885994628778,5.407662391662598,8.0,5.407662391662598,2.8381367932699777,3.7698144817974444,0.04344155844155844,0.06305910646915436,0.8532876968383789,0.5060528516769409,9.072595596313477,1.7260562181472778,,,,
dataset,perlin,perlin/60,90,202,0.38911494612693787,0.13139021396636963,0.022514544427394867,0.028673166409134865,0.49633116883116885,0.00022727272727272727,0.04769480519480519,0.011266233766233766,13.878024101257324,0.05547870753792904,4.835371971130371,12.0,4.835371971130371,2.8259153745054544,3.6852470333587317,0.04318181818181818,0.059163402765989304,0.8482031226158142,0.5032903552055359,9.371073722839355,1.6933376789093018,,,,
dataset,perlin,perlin/61,90,215,0.4647926986217499,0.12060593068599701,0.023829463869333267,0.031069252640008926,0.49688311688311687,0.0020454545454545456,0.08548701298701299,0.052954545454545456,11.173166275024414,0.0717763334263718,4.077481746673584,8.0,4.077481746673584,2.4613938218277913,3.0152332146570786,0.03850649350649351,0.061095550656318665,0.8761677145957947,0.4648562967777252,6.979612350463867,0.6731139421463013,,,,
dataset,perlin,perlin/62,90,210,0.4156648814678192,0.12002494931221008,0.02482643723487854,0.032758358865976334,0.49876623376623375,0.006266233766233766,0.10318181818181818,0.07795454545454546,10.155879974365234,0.07707114765171239,3.89949369430542,6.0,3.89949369430542,2.423058569786626,2.9305667946022242,0.039058441558441556,0.061764683574438095,0.8803567886352539,0.4628664255142212,6.371733665466309,0.43476226925849915,,,,
dataset,perlin,perlin/63,90,249,0.5002667307853699,0.15221694111824036,0.030629344284534454,0.03952159360051155,0.49642857142857144,0.01905844155844156,0.13071428571428573,0.1482792207792208,8.601202011108398,0.07502197883291177,3.7616302967071533,15.0,3.7616302967071533,2.4325935149054674,2.9496004684814023,0.03665584415584416,0.058835506439208984,0.8708603382110596,0.4580661952495575,4.721032619476318,0.6232970952987671,,,,
dataset,perlin,perlin/64,90,240,0.47055891156196594,0.14513282477855682,0.022971870377659798,0.02986261621117592,0.49665584415584413,3.246753246753247e-05,0.036298701298701296,0.005876623376623377,14.608728408813477,0.05373643820630732,5.455254077911377,15.0,5.455254077911377,2.8403481988523023,3.8872140894079905,0.042662337662337665,0.057298339903354645,0.8443756699562073,0.5074155330657959,9.221468925476074,1.5272295475006104,,,,
dataset,perlin,perlin/65,90,241,0.5337042212486267,0.15736064314842224,0.025476152077317238,0.03248870000243187,0.4975974025974026,9.74025974025974e-05,0.048506493506493505,0.013149350649350649,13.685807228088379,0.055731180243335635,5.107780456542969,8.0,5.107780456542969,2.847370708885916,3.734700026607008,0.04386363636363636,0.06321070343255997,0.8526147603988647,0.5091957449913025,9.082402229309082,1.9549371004104614,,,,
dataset,perlin,perlin/66,90,207,0.3885860741138458,0.12159758806228638,0.025101596489548683,0.032496627420186996,0.49733766233766236,0.002077922077922078,0.08983766233766234,0.05590909090909091,11.085006713867188,0.0748666368666825,4.762403964996338,6.0,4.762403964996338,2.6770870649452405,3.4121946685447666,0.042954545454545454,0.06406466662883759,0.8660303950309753,0.4892694354057312,8.08402156829834,1.4753199815750122,,,,
dataset,perlin,perlin/67,90,223,0.4462943971157074,0.14266332983970642,0.02861027792096138,0.0370313823223114,0.49912337662337664,0.005876623376623377,0.11483766233766234,0.0963961038961039,9.642471313476562,0.06750087474508046,4.384641170501709,20.0,4.384641170501709,2.532435934140585,3.1212487040048384,0.04003246753246753,0.057305239140987396,0.861706554889679,0.46406039595603943,7.558349609375,1.8634119033813477,,,,
dataset,perlin,perlin/68,90,236,0.4514732360839844,0.16911792755126953,0.02636042796075344,0.03371158614754677,0.5009415584415584,0.00045454545454545455,0.07181818181818182,0.03272727272727273,12.074745178222656,0.050308567118631,4.651091575622559,10.0,4.651091575622559,2.7278288117146228,3.5913386090847443,0.042305194805194804,0.06068568304181099,0.8566330671310425,0.49591389298439026,8.714506149291992,2.0690574645996094,,,,
dataset,perlin,perlin/69,90,204,0.4211437702178955,0.1275855153799057,0.02196790650486946,0.027946868911385536,0.5056493506493507,0.0,0.039480519480519484,0.006136363636363636,14.609976768493652,0.05892254450381579,5.3603057861328125,10.0,5.3603057861328125,2.7038368009900116,3.5154835120288874,0.04217532467532468,0.06086074560880661,0.8606086373329163,0.4902096390724182,8.896230697631836,1.0394399166107178,,,,
dataset,perlin,perlin/70,90,238,0.4591924548149109,0.1483110934495926,0.028309255838394165,0.036629777401685715,0.49954545454545457,0.004155844155844156,0.10496753246753247,0.07584415584415584,10.306234359741211,0.06507690612614175,4.6246795654296875,15.0,4.6246795654296875,2.5554264071100152,3.1517203662592905,0.03977272727272727,0.05839868262410164,0.8642739057540894,0.47236135601997375,7.774786949157715,1.8058046102523804,,,,
dataset,perlin,perlin/71,90,226,0.4429462254047394,0.14773721992969513,0.025327175855636597,0.032516442239284515,0.499448051948052,0.00022727272727272727,0.053214285714285714,0.016103896103896103,13.432804107666016,0.06019678969365448,4.528586387634277,10.0,4.528586387634277,2.6443313866017926,3.4862786899647293,0.04107142857142857,0.061234671622514725,0.8616870641708374,0.4874001443386078,8.396917343139648,1.4070276021957397,,,,
dataset,perlin,perlin/72,90,206,0.4189772605895996,0.1314598023891449,0.022778332233428955,0.02973271533846855,0.5045454545454545,3.246753246753247e-05,0.03814935064935065,0.0062012987012987015,14.773022651672363,0.0598368009137002,5.280302047729492,15.0,5.280302047729492,2.6645395733008317,3.52985137256734,0.0411038961038961,0.05766524001955986,0.8586577773094177,0.48365718126296997,8.763911247253418,1.2273788452148438,,,,
dataset,perlin,perlin/73,90,221,0.4794834852218628,0.13368360698223114,0.025244075804948807,0.032653842121362686,0.5012987012987012,0.0017532467532467534,0.08668831168831169,0.052954545454545456,11.009590148925781,0.06814400699177785,3.972607374191284,12.0,3.972607374191284,2.4815734356665216,3.081443322368412,0.038831168831168834,0.06009450927376747,0.8718521595001221,0.46615931391716003,6.853973865509033,0.7967143058776855,,,,
dataset,perlin,perlin/74,90,215,0.4229496419429779,0.1262328177690506,0.024696195498108864,0.03194500133395195,0.49957792207792207,0.0024675324675324677,0.09233766233766234,0.06363636363636363,10.817920684814453,0.07346156594151326,4.1611433029174805,20.0,4.1611433029174805,2.456225156636013,3.042833439625111,0.037532467532467535,0.05810517445206642,0.8653529286384583,0.45722365379333496,6.447271347045898,0.5135058164596558,,,,
dataset,perlin,perlin/75,90,246,0.4560143053531647,0.16818083822727203,0.02941177785396576,0.03790382295846939,0.5012662337662338,0.004707792207792208,0.09698051948051949,0.07045454545454545,10.549762725830078,0.06332599910858194,4.516507625579834,12.0,4.516507625579834,2.4808661333663182,3.0211137487951345,0.03915584415584416,0.05849628522992134,0.8712279200553894,0.4640970826148987,6.577193737030029,1.2584396600723267,,,,
dataset,perlin,perlin/76,90,202,0.36310824751853943,0.12887780368328094,0.025280477479100227,0.03234059363603592,0.5001298701298701,0.0023051948051948054,0.09681818181818182,0.07048701298701299,10.54366683959961,0.06595244069446546,5.057336807250977,15.0,5.057336807250977,2.529035570889102,3.1294889679405182,0.039025974025974026,0.05794619023799896,0.8645490407943726,0.470737487077713,8.152281761169434,1.5874093770980835,,,,
dataset,perlin,perlin/77,90,253,0.5161166191101074,0.15338106453418732,0.031231775879859924,0.04052955284714699,0.49967532467532466,0.015097402597402597,0.12957792207792207,0.13775974025974025,8.713261604309082,0.06853823746604014,4.134474754333496,6.0,4.134474754333496,2.5796279842782495,3.236298844689528,0.03941558441558442,0.06395144015550613,0.8707678318023682,0.4809333384037018,6.941221714019775,1.7877998352050781,,,,
dataset,perlin,perlin/78,90,212,0.4192986488342285,0.1280764937400818,0.024307511746883392,0.030563898384571075,0.5,0.0011688311688311688,0.0722077922077922,0.03535714285714286,12.054130554199219,0.06497274968046697,4.774300575256348,10.0,4.774300575256348,2.7592499906263783,3.5628844097856573,0.04175324675324675,0.060735829174518585,0.8568434119224548,0.49564042687416077,8.625653266906738,1.6708343029022217,,,,
dataset,perlin,perlin/79,90,217,0.43420061469078064,0.1327980011701584,0.02354120835661888,0.030593283474445343,0.5006168831168831,9.74025974025974e-05,0.057467532467532466,0.02025974025974026,12.976737976074219,0.06315869705620475,4.959338188171387,8.0,4.959338188171387,2.8103104777758796,3.7908439314977618,0.04347402597402598,0.06379992514848709,0.8538203835487366,0.5061478018760681,8.763104438781738,1.5349587202072144,,,,
dataset,perlin,perlin/80,90,240,0.4579296112060547,0.14044539630413055,0.026137208566069603,0.033515721559524536,0.5019480519480519,0.0043506493506493505,0.09905844155844155,0.07363636363636364,10.455079078674316,0.06483173203483339,3.953866958618164,15.0,3.953866958618164,2.4504532390521416,2.987922048457397,0.03636363636363636,0.05853271484375,0.8703803420066833,0.4586939811706543,6.4424943923950195,0.7938625812530518,,,,
dataset,perlin,perlin/81,90,243,0.4523257315158844,0.14892752468585968,0.029469240456819534,0.03765784204006195,0.4998051948051948,0.008831168831168832,0.11717532467532467,0.10282467532467532,9.515337944030762,0.06655302758183078,4.5634355545043945,8.0,4.5634355545043945,2.5797585223860002,3.348828410035551,0.040779220779220776,0.06198548153042793,0.8683091402053833,0.48065051436424255,7.501327037811279,1.6642968654632568,,,,
dataset,perlin,perlin/82,90,224,0.44456946849823,0.14255091547966003,0.024167846888303757,0.030340617522597313,0.5018831168831169,0.00025974025974025974,0.06392857142857143,0.024707792207792206,12.650671005249023,0.056470609639963074,5.094733715057373,12.0,5.094733715057373,2.7660113902929786,3.5620025269776794,0.04175324675324675,0.05976798012852669,0.8549461960792542,0.49603167176246643,8.972210884094238,1.628324270248413,,,,
dataset,perlin,perlin/83,90,204,0.4121656119823456,0.11492127925157547,0.02556755021214485,0.03306983411312103,0.5026948051948052,0.00961038961038961,0.11798701298701299,0.11126623376623376,9.32229995727539,0.08883565953219141,3.8978772163391113,6.0,3.8978772163391113,2.4055282450980147,2.871631783721439,0.03633116883116883,0.060819823294878006,0.882463276386261,0.45862406492233276,5.452158451080322,0.19298934936523438,,,,
dataset,perlin,perlin/84,90,236,0.4289948046207428,0.15961222350597382,0.025441335514187813,0.03267949819564819,0.5116558441558442,0.00035714285714285714,0.05922077922077922,0.021103896103896104,12.89379596710205,0.05479072500125991,6.421582221984863,15.0,6.421582221984863,2.7513282890220236,3.5056856854684133,0.04314935064935065,0.05728425830602646,0.8512791991233826,0.49523454904556274,8.774560928344727,1.9628397226333618,,,,
dataset,perlin,perlin/85,90,241,0.471716046333313,0.14763325452804565,0.029651829972863197,0.03781619295477867,0.49646103896103894,0.013636363636363636,0.12548701298701298,0.12198051948051948,8.982876777648926,0.07421724351522282,4.292809009552002,8.0,4.292809009552002,2.408280248084779,2.9795983857339388,0.03672077922077922,0.059999268501996994,0.8793005347251892,0.4593556821346283,5.503976821899414,0.8468923568725586,,,,
dataset,perlin,perlin/86,90,254,0.4707014858722687,0.1586609184741974,0.02668388932943344,0.032613787800073624,0.5012662337662338,0.0006168831168831169,0.0664935064935065,0.032207792207792206,12.374775886535645,0.05762340145906412,4.726006984710693,20.0,4.726006984710693,2.6288907457916473,3.3748588462914837,0.04064935064935065,0.05604981258511543,0.8546169400215149,0.47883614897727966,8.679058074951172,2.180935859680176,,,,
dataset,perlin,perlin/87,90,234,0.46683427691459656,0.14805017411708832,0.026105539873242378,0.033008597791194916,0.49873376623376625,0.0020454545454545456,0.0873051948051948,0.05974025974025974,10.89444351196289,0.061781029290415776,4.0211310386657715,20.0,4.0211310386657715,2.4840228794850874,3.0524259405757426,0.03866883116883117,0.05807677283883095,0.8634531497955322,0.4607647955417633,7.008425235748291,0.9804160594940186,,,,
dataset,perlin,perlin/88,90,234,0.4473668336868286,0.15285277366638184,0.024521226063370705,0.030741028487682343,0.5,0.00022727272727272727,0.04746753246753247,0.011396103896103895,13.818045616149902,0.053081690718336356,5.295891761779785,10.0,5.295891761779785,2.821675799549795,3.8018570939316088,0.042727272727272725,0.06072250381112099,0.8505284190177917,0.5072378516197205,9.459491729736328,1.9478124380111694,,,,
dataset,perlin,perlin/89,90,226,0.4722219407558441,0.12115069478750229,0.024280015379190445,0.0311479140073061,0.5042532467532468,0.0036363636363636364,0.09470779220779221,0.06399350649350649,10.731706619262695,0.07611772705744368,4.013821601867676,10.0,4.013821601867676,2.460215569765763,3.022432107874895,0.03775974025974026,0.05960768833756447,0.8754097819328308,0.4622798264026642,6.4728593826293945,0.47319793701171875,,,,
dataset,perlin,perlin/90,90,236,0.48292404413223267,0.1553744524717331,0.024362260475754738,0.0315762534737587,0.49896103896103894,0.00022727272727272727,0.05970779220779221,0.02172077922077922,13.003374099731445,0.0527110228158714,5.790480136871338,8.0,5.790480136871338,2.80631320126572,3.7392717730095217,0.04366883116883117,0.06375347822904587,0.85465407371521,0.5038380026817322,8.751103401184082,1.6447486877441406,,,,
dataset,perlin,perlin/91,90,240,0.42079105973243713,0.1383853703737259,0.02470804937183857,0.03262973576784134,0.49753246753246755,0.000551948051948052,0.06957792207792207,0.03331168831168831,12.308808326721191,0.06223232964677706,4.340299606323242,20.0,4.340299606323242,2.4965662187311035,3.061361335953744,0.03866883116883117,0.057469386607408524,0.8629944920539856,0.4631291925907135,7.794050693511963,1.027933120727539,,,,
dataset,perlin,perlin/92,90,209,0.42823705077171326,0.12460462749004364,0.022500915452837944,0.028663037344813347,0.4993506493506494,0.0007142857142857143,0.06798701298701298,0.03256493506493507,12.215678215026855,0.062003082058817764,4.193375587463379,12.0,4.193375587463379,2.505240722238639,3.1493904147300538,0.03847402597402597,0.058981724083423615,0.8701647520065308,0.46774107217788696,7.7524309158325195,0.6885244846343994,,,,
dataset,perlin,perlin/93,90,209,0.45762619376182556,0.12679335474967957,0.027414701879024506,0.03668100759387016,0.4992857142857143,0.010811688311688312,0.12246753246753246,0.11331168831168831,9.25690746307373,0.07769609824199793,4.544490814208984,12.0,4.544490814208984,2.510169438740603,3.1287564582373832,0.03915584415584416,0.058546315878629684,0.8689101934432983,0.4684179723262787,7.249987602233887,1.6652005910873413,,,,
dataset,perlin,perlin/94,90,253,0.48822107911109924,0.13457919657230377,0.026770880445837975,0.03533792495727539,0.5028896103896104,0.00512987012987013,0.10587662337662337,0.08376623376623377,10.137910842895508,0.07232004985772338,4.349583148956299,10.0,4.349583148956299,2.4541262410679536,3.0302444281046967,0.03857142857142857,0.05934405326843262,0.8745878338813782,0.4635066092014313,6.354351043701172,0.8332746028900146,,,,
dataset,perlin,perlin/95,90,236,0.4935976266860962,0.14216426014900208,0.02560940571129322,0.03247678652405739,0.5026948051948052,0.0016233766233766235,0.08409090909090909,0.047175324675324676,11.397436141967773,0.060301542977830885,4.491298675537109,6.0,4.491298675537109,2.7345012346797213,3.4216982126788107,0.0425,0.06519607454538345,0.8620777726173401,0.49555352330207825,8.3392333984375,1.5432326793670654,,,,
dataset,perlin,perlin/96,90,241,0.44829487800598145,0.13414163887500763,0.02561376430094242,0.033113036304712296,0.5033116883116883,0.003896103896103896,0.09668831168831168,0.06691558441558441,10.674121856689453,0.06849068093224797,4.201220989227295,12.0,4.201220989227295,2.4449473457259034,3.1070416431081083,0.03840909090909091,0.059336014091968536,0.8727664351463318,0.4626592993736267,6.730055809020996,0.7928231954574585,,,,
dataset,perlin,perlin/97,90,250,0.5306603312492371,0.14439110457897186,0.023790141567587852,0.030361967161297798,0.5024675324675325,6.493506493506494e-05,0.051915584415584415,0.01422077922077922,13.750478744506836,0.05643252654854824,4.595444679260254,8.0,4.595444679260254,2.666223284046465,3.4559253615640815,0.04068181818181818,0.06258577853441238,0.8637679815292358,0.4875570237636566,8.392742156982422,1.2231879234313965,,,,
dataset,perlin,perlin/98,90,207,0.4167408049106598,0.12039904296398163,0.0216987282037735,0.02806602418422699,0.5008441558441559,3.246753246753247e-05,0.04038961038961039,0.009642857142857142,14.480801582336426,0.06093223695382109,5.754241466522217,12.0,5.754241466522217,2.8456970687019703,3.8117991415146233,0.04454545454545455,0.060076624155044556,0.8474487662315369,0.5125320553779602,9.568517684936523,1.4959967136383057,,,,
dataset,perlin,perlin/99,90,233,0.45237109065055847,0.14913210272789001,0.028604740276932716,0.036789100617170334,0.5002922077922078,0.009220779220779221,0.1135064935064935,0.10094155844155844,9.596515655517578,0.06959524190579401,4.15649938583374,15.0,4.15649938583374,2.43792058646945,3.014265777171903,0.038896103896103894,0.05985255539417267,0.8688726425170898,0.4629170596599579,5.760796070098877,0.7508733868598938,,,,
dataset,voronoi,voronoi/0,109,208,0.521475076675415,0.08997505158185959,0.032128263264894485,0.037948127835989,0.530064935064935,0.15808441558441558,0.20305194805194804,0.5408441558441558,3.791896343231201,0.4483377300650222,3.7834670543670654,10.0,3.7834670543670654,2.403692958071673,2.905296162128779,0.03785714285714286,0.05927848443388939,0.8772069811820984,0.45772743225097656,-2.6008448600769043,-7.7867231369018555,,,,
dataset,voronoi,voronoi/1,116,205,0.5393614768981934,0.10259212553501129,0.03775486350059509,0.04379996657371521,0.5301948051948052,0.17746753246753247,0.21029220779220778,0.5773701298701299,3.2945504188537598,0.43718127962306463,3.7244675159454346,8.0,3.7244675159454346,2.393211154457229,2.9317428269116643,0.03772727272727273,0.05983469635248184,0.8805287480354309,0.4564560353755951,-3.7021772861480713,-7.3778462409973145,,,,
dataset,voronoi,voronoi/2,124,203,0.5172049403190613,0.11399808526039124,0.0433696024119854,0.050711292773485184,0.5307142857142857,0.18626623376623377,0.21087662337662338,0.6005194805194806,2.923818826675415,0.42496838420714217,4.205170154571533,15.0,4.205170154571533,2.4629394754893044,3.0285359108152115,0.03896103896103896,0.05936145782470703,0.8703441619873047,0.45959100127220154,-4.831923961639404,-7.117429256439209,,,,
dataset,voronoi,voronoi/3,124,202,0.5243508815765381,0.11140421032905579,0.043156810104846954,0.050912804901599884,0.5280194805194806,0.1875,0.21503246753246752,0.5924675324675325,3.017077684402466,0.42024444206529304,3.7007346153259277,12.0,3.7007346153259277,2.448817183525117,2.959985726256795,0.03665584415584416,0.05964251980185509,0.874250590801239,0.46019265055656433,-4.400583267211914,-7.068146705627441,,,,
dataset,voronoi,voronoi/4,117,196,0.513014018535614,0.10260915756225586,0.04107159748673439,0.04885581135749817,0.5328571428571428,0.17733766233766235,0.21224025974025973,0.575974025974026,3.2576472759246826,0.41160130365861913,3.9585812091827393,20.0,3.9585812091827393,2.4224855133056398,3.0512166273728325,0.038896103896103894,0.058222703635692596,0.8650097250938416,0.4580652117729187,-3.3105814456939697,-6.937989234924316,,,,
dataset,voronoi,voronoi/5,128,210,0.4664754867553711,0.10032542049884796,0.04080777242779732,0.04880516231060028,0.5280194805194806,0.17448051948051949,0.21201298701298701,0.5676298701298701,3.356914520263672,0.4077262806930423,4.356513500213623,10.0,4.356513500213623,2.407726433883465,2.9082702341595157,0.03724025974025974,0.05955662205815315,0.8774088621139526,0.4575200080871582,-3.013108730316162,-6.791393280029297,,,,
dataset,voronoi,voronoi/6,127,200,0.5180789232254028,0.10324142873287201,0.04288506135344505,0.05265415459871292,0.5263961038961039,0.18155844155844156,0.21542207792207793,0.5728896103896104,3.2154769897460938,0.4009547767276683,4.070553779602051,15.0,4.070553779602051,2.433571836306524,2.9838434638696745,0.03792207792207792,0.05828341096639633,0.8717830777168274,0.45651477575302124,-3.2372496128082275,-6.44443941116333,,,,
dataset,voronoi,voronoi/7,109,233,0.47619184851646423,0.06703048944473267,0.02830040454864502,0.034716855734586716,0.5208766233766233,0.11168831168831168,0.2034090909090909,0.42957792207792206,5.030562877655029,0.3948360311907873,3.9262359142303467,12.0,3.9262359142303467,2.451832368962159,3.049928545329861,0.03762987012987013,0.059782594442367554,0.8729069828987122,0.4612433910369873,1.2060662508010864,-6.895291328430176,,,,
dataset,voronoi,voronoi/8,130,211,0.46161898970603943,0.09170384705066681,0.039569512009620667,0.048042844980955124,0.5291558441558442,0.16772727272727272,0.2137987012987013,0.5463961038961039,3.6234869956970215,0.3871014085216863,3.736682653427124,15.0,3.736682653427124,2.4256747245705994,3.0170080399379984,0.0376948051948052,0.05897868052124977,0.8714355230331421,0.45888474583625793,-1.6572022438049316,-6.225820064544678,,,,
dataset,voronoi,voronoi/9,132,201,0.4775080978870392,0.09483445435762405,0.041001368314027786,0.050872087478637695,0.5212012987012987,0.1721103896103896,0.21827922077922077,0.5416883116883117,3.536212921142578,0.386261477883705,4.0909857749938965,12.0,4.0909857749938965,2.4374327689122426,3.0192518387781377,0.03675324675324675,0.05947570875287056,0.8737639784812927,0.460113525390625,-2.1104414463043213,-5.975794792175293,,,,
dataset,voronoi,voronoi/10,134,195,0.5080434679985046,0.10117030888795853,0.044016364961862564,0.05446280166506767,0.5231493506493506,0.18347402597402598,0.21925324675324676,0.5653896103896104,3.266413688659668,0.381381900672791,4.10845947265625,20.0,4.10845947265625,2.4398737784576516,2.9832117148362873,0.03788961038961039,0.057643014937639236,0.8664148449897766,0.4547725319862366,-2.787808895111084,-5.718689918518066,,,,
dataset,voronoi,voronoi/11,137,211,0.4227958023548126,0.08752273768186569,0.03832048550248146,0.047177933156490326,0.5230844155844155,0.16146103896103897,0.21415584415584416,0.5222077922077922,3.8201992511749268,0.37486020707880996,3.918560028076172,6.0,3.918560028076172,2.4031748263661203,2.965892451776629,0.03603896103896104,0.06128012388944626,0.8817088603973389,0.46011707186698914,-1.111472725868225,-5.735152244567871,,,,
dataset,voronoi,voronoi/12,133,194,0.5112864971160889,0.09075021743774414,0.039802197366952896,0.04941407963633537,0.5195454545454545,0.1703896103896104,0.21944805194805195,0.5241883116883117,3.6891331672668457,0.37646665598265555,3.745615005493164,8.0,3.745615005493164,2.434368571804125,2.9983683201813855,0.037987012987012986,0.060740407556295395,0.8783547282218933,0.4606269896030426,-1.5800741910934448,-5.592135429382324,,,,
dataset,voronoi,voronoi/13,132,230,0.3523193299770355,0.06547444313764572,0.028927218168973923,0.036399975419044495,0.5193181818181818,0.1086038961038961,0.20444805194805193,0.4143181818181818,5.14801549911499,0.3693340370779973,3.851914882659912,15.0,3.851914882659912,2.434083918236097,2.9321070135212617,0.037987012987012986,0.05929013341665268,0.8707461357116699,0.4595091938972473,1.8765230178833008,-5.72631311416626,,,,
dataset,voronoi,voronoi/14,132,219,0.38389724493026733,0.06717397272586823,0.029948294162750244,0.03814895823597908,0.5159090909090909,0.11655844155844156,0.2075,0.42064935064935066,4.992611885070801,0.3676123201566785,3.745044469833374,20.0,3.745044469833374,2.4852519953767023,3.042310236067957,0.03840909090909091,0.059119097888469696,0.8640892505645752,0.46051016449928284,1.5328844785690308,-5.55401611328125,,,,
dataset,voronoi,voronoi/15,134,222,0.3707394003868103,0.066434845328331,0.029797295108437538,0.03706713393330574,0.5220454545454546,0.11220779220779221,0.2047077922077922,0.4162012987012987,5.06292200088501,0.36172657739069847,3.909637928009033,20.0,3.909637928009033,2.4645314607436655,3.0055171758382473,0.03983766233766234,0.05833326280117035,0.8642668128013611,0.45899349451065063,1.794257640838623,-5.1883955001831055,,,,
dataset,voronoi,voronoi/16,130,190,0.49532249569892883,0.0788458064198494,0.03533880412578583,0.04425987973809242,0.5230519480519481,0.1407142857142857,0.21051948051948052,0.47175324675324676,4.30401611328125,0.36299928623302313,3.8104512691497803,15.0,3.8104512691497803,2.438145558929489,2.9373181611469983,0.03698051948051948,0.058482784777879715,0.8711997866630554,0.45863601565361023,0.10578333586454391,-5.042324542999268,,,,
dataset,voronoi,voronoi/17,140,192,0.5021933317184448,0.0896066203713417,0.04043496400117874,0.050420746207237244,0.5203571428571429,0.16762987012987013,0.21918831168831168,0.5147077922077922,3.7882869243621826,0.3592609506812713,4.069858074188232,20.0,4.069858074188232,2.435895463493206,3.0190353980047986,0.03743506493506493,0.057828351855278015,0.8662861585617065,0.45593932271003723,-1.1532944440841675,-4.932418346405029,,,,
dataset,voronoi,voronoi/18,135,192,0.5315929651260376,0.07985995709896088,0.03671282157301903,0.04731734097003937,0.5242207792207793,0.14227272727272727,0.2124025974025974,0.4715909090909091,4.352275371551514,0.35559130715795767,3.8711023330688477,15.0,3.8711023330688477,2.4536685468066364,3.011257964180587,0.03616883116883117,0.059370048344135284,0.870268702507019,0.4600815773010254,0.08106718212366104,-4.883341312408447,,,,
dataset,voronoi,voronoi/19,136,191,0.5321452617645264,0.07609293609857559,0.03513628616929054,0.0444200374186039,0.5186038961038961,0.132987012987013,0.20912337662337663,0.4420454545454545,4.5739850997924805,0.35456012278224003,3.909329414367676,10.0,3.909329414367676,2.422126726810326,2.980342008725144,0.03743506493506493,0.05903797224164009,0.8765597939491272,0.46019408106803894,0.43583106994628906,-4.809900760650635,,,,
dataset,voronoi,voronoi/20,121,204,0.5125351548194885,0.08989793807268143,0.03363710269331932,0.04077393561601639,0.5162662337662338,0.13665584415584417,0.16211038961038962,0.49818181818181817,3.4861385822296143,0.4214808554062069,4.4950995445251465,15.0,4.4950995445251465,2.4241623265726906,2.954395781406079,0.03646103896103896,0.058213453739881516,0.8712412714958191,0.457020103931427,-3.0493509769439697,-7.178976058959961,,,,
dataset,voronoi,voronoi/21,128,191,0.5087504982948303,0.1086905375123024,0.04656039923429489,0.05498512461781502,0.5522077922077923,0.15538961038961038,0.1733116883116883,0.5831818181818181,3.091014862060547,0.3496091087317066,4.323862552642822,15.0,4.323862552642822,2.4624184519994214,3.0118052362276067,0.03762987012987013,0.059102993458509445,0.8706749081611633,0.45924416184425354,-3.1494576930999756,-5.138060092926025,,,,
dataset,voronoi,voronoi/22,136,199,0.44731953740119934,0.0948009118437767,0.04261067882180214,0.050520822405815125,0.5675,0.15516233766233767,0.1949025974025974,0.5792857142857143,3.8016467094421387,0.3156605160812791,4.077180862426758,10.0,4.077180862426758,2.426163105806894,2.9890000017698672,0.03724025974025974,0.060366638004779816,0.8756140470504761,0.4613216519355774,-0.6237177848815918,-3.900085687637329,,,,
dataset,voronoi,voronoi/23,115,215,0.5118875503540039,0.07929083704948425,0.029977457597851753,0.03654443472623825,0.5153246753246753,0.12448051948051948,0.15811688311688313,0.47655844155844157,3.9507086277008057,0.41934492538920426,4.046713352203369,10.0,4.046713352203369,2.4420260941066694,2.9690820542892293,0.037142857142857144,0.06041784584522247,0.8753674030303955,0.4610896110534668,-1.6292686462402344,-7.31577730178833,,,,
dataset,voronoi,voronoi/24,133,205,0.4673631489276886,0.10233170539140701,0.04376104474067688,0.05132651329040527,0.5557792207792208,0.15516233766233767,0.174512987012987,0.5762662337662338,3.2501862049102783,0.3473814045114412,3.740648031234741,15.0,3.740648031234741,2.4423007990116523,3.000807936975573,0.037532467532467535,0.05947480350732803,0.8701629042625427,0.45955708622932434,-2.2304697036743164,-5.123050212860107,,,,
dataset,voronoi,voronoi/25,132,206,0.3938741981983185,0.08442597091197968,0.03776266425848007,0.044115547090768814,0.5690909090909091,0.1357142857142857,0.18925324675324676,0.5614610389610389,4.26053524017334,0.3152870342806765,3.7354469299316406,10.0,3.7354469299316406,2.408845182139259,2.936096405447432,0.03678571428571428,0.05907203629612923,0.8774000406265259,0.4583859443664551,0.6653590798377991,-4.120986461639404,,,,
dataset,voronoi,voronoi/26,128,208,0.5212113261222839,0.09532640874385834,0.03579878434538841,0.04259433597326279,0.5159415584415584,0.14055194805194804,0.16207792207792207,0.5072402597402598,3.349159002304077,0.42007960317598864,4.086716651916504,20.0,4.086716651916504,2.457047255201234,2.987998314909981,0.038246753246753244,0.05813482776284218,0.8651939034461975,0.45771297812461853,-3.6222145557403564,-7.120039463043213,,,,
dataset,voronoi,voronoi/27,129,190,0.5010434985160828,0.1112317219376564,0.04766705632209778,0.056104812771081924,0.5512662337662337,0.16133116883116883,0.17756493506493506,0.5857142857142857,3.00358247756958,0.34830388087990866,4.0706024169921875,12.0,4.0706024169921875,2.423653055643812,2.9877722485516003,0.0363961038961039,0.05876265466213226,0.8751502633094788,0.4579661786556244,-3.2839815616607666,-4.888360023498535,,,,
dataset,voronoi,voronoi/28,137,191,0.5094738602638245,0.1051652804017067,0.04720940813422203,0.056424662470817566,0.5633116883116883,0.1710064935064935,0.1996103896103896,0.5963311688311689,3.391793727874756,0.31787857187712726,4.032608509063721,10.0,4.032608509063721,2.4035271849786417,2.9330361971260626,0.037792207792207794,0.059611596167087555,0.876796305179596,0.4591091275215149,-1.9066050052642822,-3.7568936347961426,,,,
dataset,voronoi,voronoi/29,120,202,0.5123717784881592,0.09036848694086075,0.033763423562049866,0.039917245507240295,0.5180194805194805,0.13532467532467532,0.16012987012987012,0.5023051948051948,3.518857955932617,0.4198895641151068,3.739683151245117,20.0,3.739683151245117,2.4391787131958393,2.968540325098265,0.03840909090909091,0.058208443224430084,0.8647101521492004,0.4562698006629944,-2.9463870525360107,-7.131440162658691,,,,
dataset,voronoi,voronoi/30,131,193,0.5071079730987549,0.11204160749912262,0.04836694151163101,0.05738995224237442,0.5542207792207792,0.16025974025974027,0.17616883116883117,0.59,2.987581729888916,0.3497622911253651,4.128196716308594,15.0,4.128196716308594,2.434496425815162,3.0098305064084263,0.03876623376623377,0.058844733983278275,0.8703345656394958,0.4598929286003113,-3.3097476959228516,-4.979792594909668,,,,
dataset,voronoi,voronoi/31,133,186,0.5009763836860657,0.10563041269779205,0.04747302457690239,0.05678502842783928,0.5681168831168831,0.16857142857142857,0.19597402597402597,0.6036688311688312,3.3855643272399902,0.31651326239664435,4.208220481872559,8.0,4.208220481872559,2.4254339374031115,2.9512877794499106,0.03668831168831169,0.060723867267370224,0.8790274858474731,0.45991337299346924,-1.790630578994751,-3.7645208835601807,,,,
dataset,voronoi,voronoi/32,123,211,0.5052915811538696,0.08849965780973434,0.033348314464092255,0.03976663947105408,0.517012987012987,0.1365909090909091,0.16392857142857142,0.49568181818181817,3.5848002433776855,0.42025141544679623,4.030263900756836,10.0,4.030263900756836,2.4258553023969798,3.002251276990274,0.036915584415584415,0.05925723910331726,0.8768297433853149,0.4582199454307556,-2.8008501529693604,-7.216986656188965,,,,
dataset,voronoi,voronoi/33,135,206,0.4294354021549225,0.10304255038499832,0.04465135931968689,0.052632417529821396,0.5542857142857143,0.15532467532467534,0.1784090909090909,0.5743506493506494,3.2505171298980713,0.34876614383368376,3.9224343299865723,10.0,3.9224343299865723,2.427489737028277,2.908208888932085,0.037305194805194807,0.05970634147524834,0.8769828677177429,0.4583735466003418,-2.4821560382843018,-5.194032669067383,,,,
dataset,voronoi,voronoi/34,137,190,0.5024751424789429,0.10887181758880615,0.048874836415052414,0.05786879360675812,0.5689935064935064,0.17324675324675326,0.1969155844155844,0.6122077922077922,3.294478178024292,0.3143366935796913,4.297749042510986,12.0,4.297749042510986,2.416994396851609,2.969594895568146,0.03727272727272727,0.05966421961784363,0.8744513392448425,0.45922616124153137,-1.9845536947250366,-3.537254571914673,,,,
dataset,voronoi,voronoi/35,113,209,0.5201116800308228,0.07984588295221329,0.029704436659812927,0.03568402677774429,0.5166233766233767,0.12311688311688311,0.16022727272727272,0.4769155844155844,3.98274564743042,0.4215726773179351,3.923759937286377,20.0,3.923759937286377,2.4348704076501564,2.9582706152491673,0.03873376623376623,0.05806422606110573,0.8654199242591858,0.45526304841041565,-1.7153652906417847,-7.3340277671813965,,,,
dataset,voronoi,voronoi/36,127,211,0.46833178400993347,0.0896783247590065,0.03846145048737526,0.04534158855676651,0.5537662337662338,0.1407142857142857,0.17435064935064934,0.5501298701298701,3.7509522438049316,0.34926622846151034,3.768845796585083,12.0,3.768845796585083,2.4478666773181748,2.943897501018363,0.03775974025974026,0.05924377217888832,0.8737046122550964,0.4599517583847046,-0.9124383330345154,-5.40280294418335,,,,
dataset,voronoi,voronoi/37,133,226,0.3590049147605896,0.07340961694717407,0.03279240429401398,0.038179848343133926,0.5680194805194805,0.10318181818181818,0.18762987012987012,0.5143181818181818,4.9263834953308105,0.3144601510202579,3.8186166286468506,20.0,3.8186166286468506,2.4389255089460713,3.05586574664445,0.037564935064935065,0.05863606557250023,0.8669588565826416,0.456385999917984,1.9058090448379517,-4.268673419952393,,,,
dataset,voronoi,voronoi/38,119,231,0.45423397421836853,0.07561324536800385,0.02828051894903183,0.033203404396772385,0.515551948051948,0.11694805194805195,0.15711038961038962,0.46610389610389613,4.154655933380127,0.4200056742985953,3.851760149002075,20.0,3.851760149002075,2.4410440059887195,2.983969922266872,0.03707792207792208,0.05809113755822182,0.8656166195869446,0.45392656326293945,-1.1428152322769165,-7.278382778167725,,,,
dataset,voronoi,voronoi/39,133,194,0.5011984705924988,0.11491059511899948,0.049493208527565,0.05806391313672066,0.5575,0.16058441558441558,0.17642857142857143,0.5968506493506494,2.9093427658081055,0.34819651652036304,3.763211965560913,15.0,3.763211965560913,2.4670753498254987,3.0037767393012516,0.038246753246753244,0.05860624089837074,0.8710580468177795,0.4590974748134613,-3.6325273513793945,-4.995677471160889,,,,
dataset,voronoi,voronoi/40,122,219,0.45748192071914673,0.07179440557956696,0.027766775339841843,0.033148933202028275,0.48084415584415585,0.10224025974025974,0.14214285714285715,0.3713961038961039,4.584413051605225,0.42124604320129894,4.519610404968262,8.0,4.519610404968262,2.5019956806730916,3.2221783268083413,0.0375,0.062363043427467346,0.8741720914840698,0.46856480836868286,-0.7875686883926392,-6.658634185791016,,,,
dataset,voronoi,voronoi/41,124,204,0.5342974066734314,0.08311501145362854,0.03265208750963211,0.03875797986984253,0.48464285714285715,0.1161038961038961,0.15503246753246752,0.38977272727272727,4.03195333480835,0.4132042107691912,4.228021144866943,15.0,4.228021144866943,2.442833703268248,2.9605293032767825,0.03782467532467532,0.05898313224315643,0.8715624809265137,0.4592035114765167,-2.082348346710205,-6.6299614906311035,,,,
dataset,voronoi,voronoi/42,127,198,0.5029919743537903,0.09302204847335815,0.03697257861495018,0.043370865285396576,0.48866883116883114,0.1262987012987013,0.16214285714285714,0.42113636363636364,3.543959140777588,0.4028814365987042,3.789442777633667,12.0,3.789442777633667,2.4190496268390356,2.953236013583545,0.03636363636363636,0.059154924005270004,0.8758981823921204,0.45795488357543945,-2.9848599433898926,-6.389181613922119,,,,
dataset,voronoi,voronoi/43,124,201,0.5235633254051208,0.08652032911777496,0.034529998898506165,0.041245073080062866,0.49337662337662336,0.12305194805194805,0.16623376623376623,0.4123051948051948,3.853379249572754,0.3977128785672525,4.072850227355957,15.0,4.072850227355957,2.423907938513279,3.006913479149538,0.03711038961038961,0.05943472310900688,0.8711175918579102,0.4587688446044922,-2.0584917068481445,-6.550985813140869,,,,
dataset,voronoi,voronoi/44,126,197,0.5310214757919312,0.09094170480966568,0.03695065900683403,0.04321995750069618,0.4975,0.12704545454545454,0.17022727272727273,0.42688311688311686,3.672433376312256,0.38931454241794994,4.049856185913086,10.0,4.049856185913086,2.4243091347465398,2.9550578066593083,0.03678571428571428,0.05941525101661682,0.8772370219230652,0.458647221326828,-2.350492238998413,-6.165224075317383,,,,
dataset,voronoi,voronoi/45,129,210,0.45988020300865173,0.08576374500989914,0.035269469022750854,0.04228493198752403,0.5016883116883117,0.12516233766233767,0.165487012987013,0.4355844155844156,3.8123116493225098,0.38273119671108957,4.027919292449951,20.0,4.027919292449951,2.432020093170827,3.011164362959998,0.03642857142857143,0.058750003576278687,0.8665723204612732,0.45609694719314575,-1.4769351482391357,-6.085668563842773,,,,
dataset,voronoi,voronoi/46,127,213,0.4647417962551117,0.08059556037187576,0.03354773297905922,0.039401911199092865,0.500974025974026,0.11863636363636364,0.165487012987013,0.4207142857142857,4.140021324157715,0.3759334433281406,3.771369218826294,6.0,3.771369218826294,2.3827718579665143,2.8605425551805803,0.03698051948051948,0.060104187577962875,0.8839903473854065,0.45557090640068054,-0.7132747769355774,-5.954161167144775,,,,
dataset,voronoi,voronoi/47,136,216,0.4248560667037964,0.08683296293020248,0.036507025361061096,0.04380764439702034,0.5069480519480519,0.1261038961038961,0.16993506493506494,0.44665584415584414,3.87461256980896,0.3726240990350664,4.05172872543335,6.0,4.05172872543335,2.372708600402909,2.8981241761839938,0.036915584415584415,0.061216384172439575,0.8832356929779053,0.457487016916275,-1.320246934890747,-5.730042457580566,,,,
dataset,voronoi,voronoi/48,124,208,0.4817013740539551,0.07812913507223129,0.03277150169014931,0.038737498223781586,0.5092857142857142,0.11737012987012987,0.16902597402597402,0.42633116883116884,4.276516914367676,0.36801251978854116,3.858703851699829,12.0,3.858703851699829,2.4331703038647596,2.9370772007122063,0.03808441558441558,0.05939177796244621,0.8750305771827698,0.45931708812713623,-0.04312405362725258,-5.70395565032959,,,,
dataset,voronoi,voronoi/49,134,192,0.4644552171230316,0.10328435897827148,0.04388882592320442,0.051471859216690063,0.5115909090909091,0.145,0.17649350649350648,0.5002597402597403,3.1955721378326416,0.36171038642559017,4.069557189941406,20.0,4.069557189941406,2.43585544127566,2.999591258114683,0.037597402597402595,0.058377351611852646,0.8657609820365906,0.456743061542511,-2.9406347274780273,-5.135997295379639,,,,
dataset,voronoi,voronoi/50,141,203,0.4619635343551636,0.10261048376560211,0.043641507625579834,0.05241448059678078,0.5178571428571429,0.1435064935064935,0.1732142857142857,0.5061038961038961,3.222918748855591,0.35438126291519645,3.9092133045196533,15.0,3.9092133045196533,2.4319970655483947,2.985703848513586,0.03746753246753247,0.05889973044395447,0.8716294765472412,0.4575275182723999,-2.6584720611572266,-5.029749870300293,,,,
dataset,voronoi,voronoi/51,128,227,0.3988499939441681,0.07021760195493698,0.030032942071557045,0.03567037731409073,0.516461038961039,0.1040909090909091,0.16610389610389611,0.423961038961039,4.70253324508667,0.3526263843815391,3.9639954566955566,12.0,3.9639954566955566,2.44815655625582,2.9340853687160413,0.037597402597402595,0.05938795581459999,0.8735685348510742,0.4604521691799164,1.168180227279663,-5.285256862640381,,,,
dataset,voronoi,voronoi/52,130,208,0.40736883878707886,0.08126845955848694,0.0350637286901474,0.04210136458277702,0.5212337662337663,0.12590909090909091,0.17133116883116883,0.461525974025974,4.0935258865356445,0.34546068835595495,4.64302921295166,12.0,4.64302921295166,2.425265208397822,2.990259974160421,0.03766233766233766,0.05960649624466896,0.8753536939620972,0.4589565098285675,-0.032689377665519714,-5.086720943450928,,,,
dataset,voronoi,voronoi/53,132,210,0.4154781997203827,0.08087558299303055,0.03476551175117493,0.0415273979306221,0.5234740259740259,0.12389610389610389,0.1700974025974026,0.463474025974026,4.142453193664551,0.34367829002013073,3.859189510345459,12.0,3.859189510345459,2.4487432131107107,3.0282407711810557,0.038246753246753244,0.059284042567014694,0.873884916305542,0.46042293310165405,-0.004926563240587711,-4.995179653167725,,,,
dataset,voronoi,voronoi/54,136,223,0.359790176153183,0.07621737569570541,0.033371005207300186,0.0392291396856308,0.5288961038961039,0.11363636363636363,0.16737012987012986,0.45545454545454545,4.400335788726807,0.33821738382976796,4.1919026374816895,15.0,4.1919026374816895,2.433669743367125,3.0549143807600996,0.0374025974025974,0.058555640280246735,0.8721555471420288,0.45704442262649536,0.6665642857551575,-4.788656711578369,,,,
dataset,voronoi,voronoi/55,131,199,0.4414607286453247,0.08674886077642441,0.037758734077215195,0.04422523081302643,0.5266883116883117,0.1300974025974026,0.17233766233766235,0.48814935064935067,3.9879400730133057,0.33231186512421595,4.076390743255615,8.0,4.076390743255615,2.42698199829488,2.9853526422879346,0.03737012987012987,0.06085660681128502,0.8787309527397156,0.46037089824676514,-0.4872874915599823,-4.439420223236084,,,,
dataset,voronoi,voronoi/56,131,199,0.4374503493309021,0.08584090322256088,0.03723573684692383,0.04424189031124115,0.5310714285714285,0.1277922077922078,0.16844155844155845,0.4897077922077922,3.9494009017944336,0.32840119259539585,3.9376442432403564,15.0,3.9376442432403564,2.4258435078255935,2.924717681818079,0.03701298701298701,0.05880211293697357,0.8715746998786926,0.45817410945892334,-0.3379354476928711,-4.447929859161377,,,,
dataset,voronoi,voronoi/57,135,190,0.5151785612106323,0.09878593683242798,0.043184492737054825,0.05108035355806351,0.5299675324675325,0.14516233766233766,0.17714285714285713,0.5185714285714286,3.4737532138824463,0.32798692482033304,3.98036789894104,8.0,3.98036789894104,2.3590204205382292,2.9043833658190628,0.03659090909090909,0.05999216064810753,0.8815271258354187,0.4543098509311676,-1.848090410232544,-4.221120834350586,,,,
dataset,voronoi,voronoi/58,137,192,0.4666573107242584,0.10011845082044601,0.043710894882678986,0.05185839161276817,0.5364935064935065,0.1448051948051948,0.17347402597402597,0.5304545454545454,3.466973066329956,0.3230012129572776,3.857733726501465,12.0,3.857733726501465,2.4062959939991173,2.980687979776114,0.036233766233766236,0.05919092893600464,0.8747879862785339,0.4580240547657013,-1.9567530155181885,-4.03768253326416,,,,
dataset,voronoi,voronoi/59,141,198,0.44557541608810425,0.09923242032527924,0.043552692979574203,0.05142155662178993,0.5399025974025974,0.14603896103896105,0.1783116883116883,0.5323376623376623,3.570439338684082,0.31938002382513975,4.005136966705322,12.0,4.005136966705322,2.4207760579748263,2.975127661557938,0.037305194805194807,0.05861282721161842,0.8765851855278015,0.4564862847328186,-1.6917108297348022,-3.7823283672332764,,,,
dataset,voronoi,voronoi/60,109,196,0.5335389375686646,0.06425774842500687,0.026053456589579582,0.031083963811397552,0.4833116883116883,0.0876948051948052,0.1288961038961039,0.2937012987012987,7.090516567230225,0.4220731179320932,5.321388244628906,20.0,5.321388244628906,2.573473345150494,3.3332409445391735,0.039058441558441556,0.05879565700888634,0.8589099049568176,0.4723740518093109,0.38779217004776,-6.423728942871094,,,,
dataset,voronoi,voronoi/61,122,197,0.5136353969573975,0.07733038812875748,0.03180043771862984,0.03782264143228531,0.4878571428571429,0.10327922077922078,0.1439935064935065,0.31532467532467534,6.126490116119385,0.41323617917570016,4.4536824226379395,10.0,4.4536824226379395,2.4656686294210095,3.0683040555526597,0.037597402597402595,0.060471173375844955,0.8747461438179016,0.4645654559135437,-1.271153450012207,-6.409024238586426,,,,
dataset,voronoi,voronoi/62,117,197,0.5402393937110901,0.07291386276483536,0.030338959768414497,0.03589097782969475,0.4953571428571429,0.10058441558441558,0.1447077922077922,0.3114935064935065,6.576124668121338,0.4057498571158708,4.2124857902526855,15.0,4.2124857902526855,2.4597538433196147,3.0341267305400152,0.03737012987012987,0.05888770520687103,0.8709766268730164,0.46121618151664734,-0.36098581552505493,-6.260569095611572,,,,
dataset,voronoi,voronoi/63,126,241,0.41471952199935913,0.061621036380529404,0.026069670915603638,0.031169911846518517,0.4991883116883117,0.0838961038961039,0.1358116883116883,0.29224025974025974,7.728307247161865,0.4005695951368736,4.488401889801025,10.0,4.488401889801025,2.5086060039149523,3.119519146979954,0.03974025974025974,0.06040263921022415,0.8727200627326965,0.46829870343208313,1.3657633066177368,-6.337234973907471,,,,
dataset,voronoi,voronoi/64,119,197,0.5380914807319641,0.07500938326120377,0.031680937856435776,0.03754938766360283,0.49568181818181817,0.10496753246753247,0.1629220779220779,0.330974025974026,5.786706924438477,0.3941423741442251,3.9287607669830322,15.0,3.9287607669830322,2.43810493466311,2.9972598377741417,0.03788961038961039,0.057620786130428314,0.8722862601280212,0.4586327075958252,-0.3196375072002411,-5.922885417938232,,,,
dataset,voronoi,voronoi/65,131,200,0.45359405875205994,0.08613027632236481,0.03661927953362465,0.04329534247517586,0.4984090909090909,0.11775974025974026,0.17912337662337663,0.36594155844155846,4.7108893394470215,0.3885600478103518,4.221871852874756,15.0,4.221871852874756,2.432030668487264,3.0184364536294748,0.03727272727272727,0.05887506157159805,0.8721248507499695,0.45881417393684387,-1.3647565841674805,-5.785225868225098,,,,
dataset,voronoi,voronoi/66,131,195,0.5168010592460632,0.08911248296499252,0.03832145407795906,0.045998357236385345,0.5060389610389611,0.11938311688311688,0.18451298701298702,0.37383116883116885,4.786499977111816,0.3828658737744857,4.413602828979492,8.0,4.413602828979492,2.386646953529761,2.886657046846696,0.0350974025974026,0.059128254652023315,0.8828509449958801,0.4532945454120636,-1.6983952522277832,-5.6235198974609375,,,,
dataset,voronoi,voronoi/67,137,198,0.4784134030342102,0.09337399154901505,0.040366314351558685,0.047580406069755554,0.5052597402597403,0.12633116883116882,0.19428571428571428,0.3900974025974026,4.50460958480835,0.3779768126884406,4.004298686981201,10.0,4.004298686981201,2.4278133994192603,2.97257018061484,0.03600649350649351,0.06004416197538376,0.8769611120223999,0.46059104800224304,-1.9984616041183472,-5.363511085510254,,,,
dataset,voronoi,voronoi/68,137,206,0.42528995871543884,0.08479144424200058,0.0367501899600029,0.043366484344005585,0.5063311688311688,0.11808441558441558,0.18847402597402596,0.3769155844155844,4.937294006347656,0.3751852801272961,3.9312593936920166,20.0,3.9312593936920166,2.46169265735387,3.036484133823376,0.03782467532467532,0.05815776810050011,0.866113543510437,0.45904672145843506,-0.9073798060417175,-5.388479709625244,,,,
dataset,voronoi,voronoi/69,136,191,0.4832458794116974,0.09944132715463638,0.04307004064321518,0.051305510103702545,0.5017857142857143,0.14217532467532468,0.20305194805194804,0.43883116883116885,3.843961238861084,0.36885134439586303,3.8261959552764893,20.0,3.8261959552764893,2.4334268648148423,3.0608666700758094,0.03915584415584416,0.05759606137871742,0.867194652557373,0.4556472599506378,-2.4735145568847656,-4.972602367401123,,,,
dataset,voronoi,voronoi/70,133,201,0.4128578007221222,0.08389196544885635,0.0362987257540226,0.04242332652211189,0.5067857142857143,0.12457792207792208,0.1924025974025974,0.4032142857142857,4.481455326080322,0.3649707408621042,3.7118537425994873,15.0,3.7118537425994873,2.417020641098816,2.938624426830837,0.037792207792207794,0.05921889841556549,0.8716686367988586,0.4591071903705597,-0.5660958886146545,-5.0710039138793945,,,,
dataset,voronoi,voronoi/71,136,210,0.39795058965682983,0.07814659923315048,0.03387602046132088,0.03939623758196831,0.5100324675324676,0.11376623376623377,0.18834415584415584,0.38597402597402597,4.948009490966797,0.3629854367809221,4.354782581329346,10.0,4.354782581329346,2.4116422035590563,3.015284376656519,0.037142857142857144,0.05973035469651222,0.87660813331604,0.4593002498149872,0.14631953835487366,-5.116559982299805,,,,
dataset,voronoi,voronoi/72,138,198,0.4458794593811035,0.09084243327379227,0.039643969386816025,0.0460185781121254,0.5119155844155844,0.13412337662337662,0.19535714285714287,0.43525974025974024,4.119787693023682,0.3577987433152581,3.686692237854004,8.0,3.686692237854004,2.428492211189224,2.9609964290430066,0.036883116883116886,0.060634512454271317,0.8797925114631653,0.45885777473449707,-1.3536100387573242,-4.784666538238525,,,,
dataset,voronoi,voronoi/73,139,198,0.4757804870605469,0.09171314537525177,0.04000745341181755,0.04701096937060356,0.5101298701298701,0.13944805194805196,0.20025974025974025,0.44003246753246755,4.034239292144775,0.35408127342062157,4.0374650955200195,10.0,4.0374650955200195,2.418412958448948,2.9692056148531076,0.036915584415584415,0.05937868729233742,0.8771358132362366,0.45812860131263733,-1.4561691284179688,-4.804299354553223,,,,
dataset,voronoi,voronoi/74,130,195,0.4242968261241913,0.0811254233121872,0.035518065094947815,0.041908297687768936,0.5146103896103896,0.12272727272727273,0.1903246753246753,0.4216233766233766,4.525742530822754,0.3512467309247639,4.033613681793213,6.0,4.033613681793213,2.3777518188802937,2.8773536424535378,0.03590909090909091,0.06049786135554314,0.884617030620575,0.4547232687473297,-0.042640186846256256,-4.823735237121582,,,,
dataset,voronoi,voronoi/75,135,202,0.421791672706604,0.08020264655351639,0.035275548696517944,0.04131000488996506,0.5190259740259741,0.11873376623376623,0.1912987012987013,0.4109090909090909,4.657812595367432,0.3466268137481734,3.8428685665130615,20.0,3.8428685665130615,2.4516233163634964,3.010695809142265,0.03746753246753247,0.05763630568981171,0.8670914173126221,0.45560717582702637,0.08154427260160446,-4.8282790184021,,,,
dataset,voronoi,voronoi/76,141,195,0.5106838941574097,0.09464619308710098,0.0416625551879406,0.04942856356501579,0.5215584415584416,0.14194805194805193,0.20094155844155845,0.460974025974026,3.957975149154663,0.34452200199903404,3.9731388092041016,8.0,3.9731388092041016,2.3899479950820193,2.945803031770884,0.037532467532467535,0.0597805492579937,0.8804263472557068,0.4562479853630066,-1.6466403007507324,-4.22178840637207,,,,
dataset,voronoi,voronoi/77,137,191,0.5141628980636597,0.09275995194911957,0.04068715125322342,0.04842503368854523,0.5177597402597403,0.14652597402597403,0.20402597402597403,0.46665584415584416,3.972879648208618,0.3419430603857886,4.256533145904541,20.0,4.256533145904541,2.4331658842976025,2.9846828164019406,0.0374025974025974,0.05852578580379486,0.8656753897666931,0.45747557282447815,-1.3642998933792114,-4.215612888336182,,,,
dataset,voronoi,voronoi/78,144,214,0.36203670501708984,0.07911936938762665,0.03459760919213295,0.04046371206641197,0.5176948051948052,0.12295454545454546,0.19246753246753245,0.4277597402597403,4.589869499206543,0.33866025883931483,4.334996223449707,20.0,4.334996223449707,2.4567447464286896,3.0206222258822386,0.0389935064935065,0.05867970734834671,0.8656567931175232,0.45816391706466675,0.2792178988456726,-4.389770030975342,,,,
dataset,voronoi,voronoi/79,127,185,0.5181402564048767,0.08112067729234695,0.035625308752059937,0.04123779758810997,0.521461038961039,0.12594155844155844,0.1944155844155844,0.4375974025974026,4.493382930755615,0.3361614932738112,4.156929969787598,12.0,4.156929969787598,2.4138919047125,3.018838073282199,0.03633116883116883,0.05918616056442261,0.8755438327789307,0.4574448764324188,0.16294877231121063,-4.244930267333984,,,,
dataset,voronoi,voronoi/80,128,226,0.4077676236629486,0.06123296171426773,0.026217417791485786,0.03196180611848831,0.49993506493506495,0.07623376623376624,0.11538961038961039,0.2502922077922078,12.642363548278809,0.4201398835412434,4.582298755645752,20.0,4.582298755645752,2.6736079092862646,3.5035855907810305,0.04159090909090909,0.058288924396038055,0.8551649451255798,0.4833640158176422,0.9600830674171448,-6.177734375,,,,
dataset,voronoi,voronoi/81,123,198,0.5046396851539612,0.07192520797252655,0.030903983861207962,0.036769602447748184,0.5041558441558441,0.09071428571428572,0.12467532467532468,0.2709415584415584,9.935874938964844,0.41292920451029413,3.898031234741211,20.0,3.898031234741211,2.5066153392565638,3.1298320805541717,0.03873376623376623,0.05713769048452377,0.8654664158821106,0.4643181264400482,-0.43309515714645386,-6.107574462890625,,,,
dataset,voronoi,voronoi/82,122,216,0.4598901569843292,0.06257277727127075,0.02764786407351494,0.03318685293197632,0.510551948051948,0.08087662337662338,0.11814935064935064,0.25266233766233764,11.767123222351074,0.40562031557554123,4.341853141784668,20.0,4.341853141784668,2.533116474346914,3.2452183105738,0.04,0.05814603343605995,0.8610638380050659,0.4698808491230011,1.1426773071289062,-6.1842851638793945,,,,
dataset,voronoi,voronoi/83,125,217,0.46013396978378296,0.06558459997177124,0.02882113680243492,0.03424030542373657,0.5084415584415585,0.0877922077922078,0.12896103896103897,0.26581168831168833,9.955795288085938,0.39950788728539555,4.758400917053223,20.0,4.758400917053223,2.5071695043284894,3.1300500767093284,0.0376948051948052,0.058297719806432724,0.86513352394104,0.46446987986564636,0.9048742055892944,-6.12056827545166,,,,
dataset,voronoi,voronoi/84,135,199,0.43960562348365784,0.08523264527320862,0.03801471367478371,0.0450064055621624,0.5121428571428571,0.10756493506493507,0.16353896103896104,0.29503246753246753,7.438643932342529,0.39427577002013336,3.9866738319396973,20.0,3.9866738319396973,2.480021970952041,3.0715173609656707,0.03811688311688312,0.058447036892175674,0.866603672504425,0.46000275015830994,-1.4339426755905151,-5.796029090881348,,,,
dataset,voronoi,voronoi/85,137,219,0.38889068365097046,0.07205300033092499,0.0321471206843853,0.0379345677793026,0.5138636363636364,0.09237012987012987,0.14532467532467533,0.2776298701298701,8.516074180603027,0.38993596963603105,4.117547512054443,10.0,4.117547512054443,2.4251818136688077,3.0002653292136565,0.03727272727272727,0.059367820620536804,0.8776845335960388,0.4598739743232727,0.38515719771385193,-5.883732318878174,,,,
dataset,voronoi,voronoi/86,136,215,0.3985937237739563,0.07388771325349808,0.03327295929193497,0.039541106671094894,0.515,0.09896103896103896,0.155,0.2922077922077922,7.642768383026123,0.3838156266002262,4.2476677894592285,15.0,4.2476677894592285,2.437555631497236,3.0640438616535857,0.03724025974025974,0.05899730324745178,0.8717333078384399,0.4612913429737091,0.2867887020111084,-5.714346885681152,,,,
dataset,voronoi,voronoi/87,136,200,0.48510196805000305,0.08399131894111633,0.037757277488708496,0.04448601230978966,0.5162012987012987,0.10912337662337662,0.1819805194805195,0.31347402597402596,6.490595817565918,0.37964764513273547,3.8586339950561523,20.0,3.8586339950561523,2.4645871818806184,3.0730347873980555,0.038214285714285715,0.05816597118973732,0.867594301700592,0.4580046832561493,-0.7023128867149353,-5.4059529304504395,,,,
dataset,voronoi,voronoi/88,138,193,0.4681629538536072,0.09289233386516571,0.04210267961025238,0.05008705332875252,0.5190259740259741,0.11548701298701299,0.19753246753246753,0.34454545454545454,5.887727737426758,0.3772434289653297,4.101602554321289,20.0,4.101602554321289,2.46112910388551,3.0603674269740764,0.03961038961038961,0.05793450027704239,0.8661051392555237,0.4587384760379791,-1.705432653427124,-5.267448902130127,,,,
dataset,voronoi,voronoi/89,145,193,0.4556207060813904,0.10547039657831192,0.047639235854148865,0.056356482207775116,0.5177922077922078,0.1305194805194805,0.21288961038961038,0.38512987012987016,4.8928608894348145,0.372572466624842,4.162424087524414,20.0,4.162424087524414,2.447540160038402,3.031572837554248,0.036948051948051945,0.05846743285655975,0.8667042851448059,0.4579084813594818,-2.957716941833496,-4.934164524078369,,,,
dataset,voronoi,voronoi/90,128,193,0.5341545939445496,0.0772063136100769,0.03471066802740097,0.04140610247850418,0.5178571428571429,0.10383116883116883,0.17967532467532468,0.3249025974025974,6.234704494476318,0.36974036664152693,4.12401819229126,15.0,4.12401819229126,2.4278804684139397,3.0554146648093288,0.03737012987012987,0.05868445709347725,0.8719884753227234,0.4603663384914398,0.1688815802335739,-5.366422176361084,,,,
dataset,voronoi,voronoi/91,137,196,0.4495443105697632,0.08503976464271545,0.038888320326805115,0.045473478734493256,0.5175324675324675,0.11496753246753247,0.1914935064935065,0.3417207792207792,5.640712738037109,0.3638672687266983,3.9991490840911865,8.0,3.9991490840911865,2.380354854490826,2.9456056099609493,0.03496753246753247,0.060712989419698715,0.8811264038085938,0.45670050382614136,-0.5857352614402771,-4.937360763549805,,,,
dataset,voronoi,voronoi/92,135,210,0.4040638208389282,0.07094065099954605,0.03234429657459259,0.03898570314049721,0.5201298701298701,0.09568181818181819,0.1772077922077922,0.3100974025974026,6.752877712249756,0.36189570930463005,4.050460338592529,12.0,4.050460338592529,2.426092657512316,2.9818274337274575,0.03698051948051948,0.05940711125731468,0.8752314448356628,0.4595968425273895,1.1010568141937256,-5.117812633514404,,,,
dataset,voronoi,voronoi/93,138,212,0.37543848156929016,0.07201550155878067,0.032809268683195114,0.038329705595970154,0.5213961038961039,0.1002922077922078,0.18392857142857144,0.32152597402597405,6.4919867515563965,0.3597577377550686,3.939751386642456,15.0,3.939751386642456,2.433392038604346,2.943515046689185,0.03805194805194805,0.057554103434085846,0.8733783960342407,0.45664000511169434,1.015167236328125,-4.896737575531006,,,,
dataset,voronoi,voronoi/94,138,229,0.3316519856452942,0.061870843172073364,0.028338471427559853,0.03330264240503311,0.5234415584415585,0.08077922077922078,0.16496753246753246,0.29253246753246753,7.428256034851074,0.35711880260285533,4.331007957458496,10.0,4.331007957458496,2.404722873140017,2.9843239375929334,0.03551948051948052,0.059655431658029556,0.8776745200157166,0.45857685804367065,2.387389659881592,-5.019859313964844,,,,
dataset,voronoi,voronoi/95,130,217,0.43144893646240234,0.062028832733631134,0.02820052020251751,0.0330217219889164,0.5204545454545455,0.08285714285714285,0.17042207792207792,0.30103896103896105,7.018871307373047,0.35204174452254877,4.529325485229492,10.0,4.529325485229492,2.447951539595711,3.0402898337571833,0.03642857142857143,0.05965541675686836,0.8769952058792114,0.460482656955719,2.445072650909424,-4.9489850997924805,,,,
dataset,voronoi,voronoi/96,139,213,0.3736141622066498,0.07035782933235168,0.03202449157834053,0.037675440311431885,0.5233441558441558,0.09821428571428571,0.18668831168831168,0.3265909090909091,6.293834686279297,0.34937529054811556,4.231048583984375,8.0,4.231048583984375,2.4434922169520297,2.9812218331229916,0.03847402597402597,0.06082667037844658,0.878165602684021,0.46286529302597046,1.370497465133667,-4.7143168449401855,,,,
dataset,voronoi,voronoi/97,145,200,0.43507468700408936,0.08826590329408646,0.04022463038563728,0.04711201786994934,0.5243506493506493,0.12798701298701298,0.21061688311688312,0.39126623376623376,4.94735860824585,0.34638423595034323,3.9055674076080322,10.0,3.9055674076080322,2.393379819656744,2.905182047899188,0.03701298701298701,0.059717752039432526,0.8779975175857544,0.4575433135032654,-0.836955189704895,-4.285594940185547,,,,
dataset,voronoi,voronoi/98,139,185,0.48326414823532104,0.09684097021818161,0.04406014829874039,0.05161602795124054,0.5261038961038961,0.14181818181818182,0.21529220779220778,0.43032467532467533,4.360048294067383,0.34344010749817394,3.865938186645508,20.0,3.865938186645508,2.4031120103376735,2.926808106081277,0.037792207792207794,0.057395998388528824,0.8683249354362488,0.45305079221725464,-1.7477326393127441,-4.2301225662231445,,,,
dataset,voronoi,voronoi/99,144,195,0.4345548152923584,0.09130612015724182,0.04119858145713806,0.04791485145688057,0.5253571428571429,0.13876623376623376,0.21931818181818183,0.42753246753246754,4.549506664276123,0.3427406875126852,4.092711448669434,12.0,4.092711448669434,2.444454167232315,3.0090530967806304,0.03850649350649351,0.05950018763542175,0.8746047019958496,0.4593135118484497,-1.2292505502700806,-4.159090042114258,,,,
generated,generated,generated_000,90,234,0.12406089901924133,0.26237258315086365,0.1283356249332428,0.1532803326845169,0.16600649350649352,0.09100649350649351,0.09214285714285714,0.19253246753246753,1.373942255973816,0.17405393951341896,3.8908910751342773,15.0,3.8908910751342773,2.0862890866940758,2.6795907722511454,0.0325974025974026,0.03160155192017555,0.9302995800971985,0.3483636677265167,-8.00732,3.31876,0.9999987,1.0105155,108.1531057,5
generated,generated,generated_001,90,242,0.09958907961845398,0.16050121188163757,0.07265085726976395,0.10761808604001999,0.22646103896103897,0.12318181818181818,0.13402597402597402,0.25886363636363635,2.4969215393066406,0.17509743186731722,3.4910974502563477,20.0,3.4910974502563477,2.0987959078782783,2.661215257397532,0.03334415584415584,0.038454968482255936,0.9162819981575012,0.37716618180274963,-0.63415,2.06484,0.9999969,3.1899877,106.309393,5
generated,generated,generated_002,90,202,0.09535965323448181,0.20155982673168182,0.09917791187763214,0.125555619597435,0.1740909090909091,0.08853896103896104,0.0938961038961039,0.18191558441558442,1.886987328529358,0.15948870215956729,3.8749756813049316,15.0,3.8749756813049316,2.033439877454388,2.6876223451917896,0.034350649350649354,0.026551503688097,0.9397783279418945,0.32530176639556885,-3.56091,1.95599,0.9999898,1.9792999,98.3367041,5
generated,generated,generated_003,90,208,0.05058291181921959,0.08426964282989502,0.044089920818805695,0.0931214764714241,0.18834415584415584,0.035227272727272725,0.04107142857142857,0.09801948051948052,3.43442440032959,0.2548862758340534,2.9823291301727295,15.0,2.9823291301727295,1.8529972729464468,2.269874172792192,0.03662337662337662,0.018850570544600487,0.9530654549598694,0.283819317817688,1.07913,-1.18437,0.9999814,1.1518776,63.8850948,5
generated,generated,generated_004,90,214,0.05249844118952751,0.1624898910522461,0.07667301595211029,0.12369613349437714,0.11198051948051949,0.052305194805194806,0.05863636363636364,0.1000974025974026,2.3969485759735107,0.11949823497912802,3.2553393840789795,15.0,3.2553393840789795,1.7780999321921904,2.321616249342818,0.03051948051948052,0.015083725564181805,0.9641127586364746,0.24597123265266418,1.17044,2.88643,0.9999739,1.717609,88.2369529,5
generated,generated,generated_005,90,239,0.22018934786319733,0.2924392521381378,0.1137646809220314,0.13950905203819275,0.34863636363636363,0.18831168831168832,0.21,0.38831168831168833,2.321145534515381,0.1510021165148098,5.268035411834717,20.0,5.268035411834717,2.3383032098645913,3.0546933819799706,0.034512987012987016,0.05156506970524788,0.886596143245697,0.4387131631374359,-6.86311,2.78164,0.9999418,1.4413466,74.5648727,5
generated,generated,generated_006,90,241,0.24951763451099396,0.3375092148780823,0.10883522033691406,0.14194761216640472,0.3655519480519481,0.17587662337662338,0.23357142857142857,0.33045454545454545,3.8918638229370117,0.10015770971208866,4.585202693939209,12.0,4.585202693939209,2.1738116654511788,2.7113492322787445,0.03152597402597403,0.04293704777956009,0.9105469584465027,0.39834824204444885,-4.14102,4.54132,0.9999396,3.8876172,138.4413394,5
generated,generated,generated_007,90,251,0.5393024682998657,0.35603222250938416,0.12033747136592865,0.1437659114599228,0.5422077922077922,0.26136363636363635,0.3126948051948052,0.5656818181818182,2.9891676902770996,0.15468974324696239,4.023487091064453,20.0,4.023487091064453,2.549166054783115,3.326703890355966,0.04019480519480519,0.05680272355675697,0.8672080636024475,0.4703720510005951,-10.58952,3.15887,0.9999332,1.0751438,107.9130095,5
generated,generated,generated_008,90,216,0.07256793975830078,0.17441706359386444,0.0872425064444542,0.1265883594751358,0.1858766233766234,0.06058441558441558,0.06555194805194806,0.11762987012987013,2.4761579036712646,0.13927139411976677,3.2374064922332764,20.0,3.2374064922332764,1.954673100667119,2.498386165156559,0.03538961038961039,0.02145756036043167,0.9441137909889221,0.3084649443626404,0.09847,1.74301,0.9999303,1.6365291,89.8158323,5
generated,generated,generated_009,90,242,0.06116732582449913,0.16664765775203705,0.09412588179111481,0.13838239014148712,0.1746103896103896,0.04772727272727273,0.05116883116883117,0.11506493506493506,1.9789156913757324,0.17415018401929638,3.2836966514587402,15.0,3.2836966514587402,1.820384844293746,2.380891578719817,0.03269480519480519,0.018572527915239334,0.9562160968780518,0.27348318696022034,-2.74624,1.84651,0.9999299,1.2104371,84.4867671,5
generated,generated,generated_010,90,244,0.03815145045518875,0.08552441745996475,0.03949279338121414,0.10157019644975662,0.16022727272727272,0.024123376623376623,0.027857142857142858,0.062142857142857146,3.1995015144348145,0.17876912499251804,3.396374464035034,10.0,3.396374464035034,1.8086746937636016,2.347407472068657,0.03655844155844156,0.01335957646369934,0.9648157954216003,0.24762481451034546,4.50671,0.26168,0.9999283,1.875757,81.2144416,5
generated,generated,generated_011,90,240,0.44942763447761536,0.3330850601196289,0.1212894469499588,0.14431440830230713,0.4986038961038961,0.2655844155844156,0.2888961038961039,0.5558116883116883,2.0955076217651367,0.19057668796319038,4.327744960784912,20.0,4.327744960784912,2.50241400621138,3.198947692031881,0.03931818181818182,0.05716449022293091,0.8697465658187866,0.46474137902259827,-12.60934,3.09258,0.9999244,1.4871759,94.4805104,5
generated,generated,generated_012,90,246,0.5229319334030151,0.3454248607158661,0.11167027056217194,0.13673727214336395,0.5448376623376623,0.2506493506493506,0.3237012987012987,0.5376623376623376,3.7169110774993896,0.12812913901825607,4.198431015014648,20.0,4.198431015014648,2.59347151255312,3.3170221692225774,0.0389935064935065,0.05552053824067116,0.8655102252960205,0.47267892956733704,-6.83998,3.61731,0.9999137,2.7847219,157.0109996,5
generated,generated,generated_013,90,216,0.08920441567897797,0.20745693147182465,0.10584846138954163,0.13425374031066895,0.1339935064935065,0.08558441558441558,0.08678571428571429,0.15425324675324675,1.6786936521530151,0.15380941219721866,3.511021375656128,15.0,3.511021375656128,1.9776195121105644,2.5562812312113428,0.03483766233766234,0.022034795954823494,0.9490354657173157,0.2983628511428833,-2.66561,2.60383,0.9999091,1.6055465,130.2712626,5
generated,generated,generated_014,90,249,0.13984094560146332,0.244545117020607,0.11076837033033371,0.14265261590480804,0.22003246753246752,0.10116883116883117,0.11136363636363636,0.19587662337662337,2.161275625228882,0.1346631371511638,4.316091537475586,20.0,4.316091537475586,2.123233473368278,2.843515648383311,0.033766233766233764,0.032973065972328186,0.9196404218673706,0.3730440139770508,-2.00222,1.90679,0.9998838,1.3120664,82.5257253,5
generated,generated,generated_015,90,245,0.15552569925785065,0.269724041223526,0.10179612785577774,0.13303790986537933,0.25207792207792207,0.12363636363636364,0.1481818181818182,0.22386363636363638,2.9940366744995117,0.10328302727249163,3.636343002319336,20.0,3.636343002319336,2.0963382274214526,2.7579336473228753,0.0325,0.03191457316279411,0.9252315759658813,0.35936224460601807,-1.25661,3.59048,0.9998642,2.5439329,137.3883871,5
generated,generated,generated_016,90,219,0.09698078781366348,0.2213640660047531,0.10830948501825333,0.1318831592798233,0.17639610389610388,0.0874025974025974,0.09314935064935065,0.16363636363636364,2.01608943939209,0.1496455417198155,3.4081828594207764,20.0,3.4081828594207764,1.913162972977201,2.5241203801126653,0.030422077922077923,0.023809365928173065,0.9449114799499512,0.30565789341926575,-5.25572,3.08555,0.9998608,1.1390912,108.3771186,5
generated,generated,generated_017,90,216,0.38003844022750854,0.351735383272171,0.1052638590335846,0.12880800664424896,0.4737662337662338,0.19857142857142857,0.26746753246753247,0.3878896103896104,4.409332275390625,0.09994088324816444,3.90883731842041,12.0,3.90883731842041,2.2173096136097996,2.7980397477439056,0.03142857142857143,0.04442298784852028,0.9045604467391968,0.4096629023551941,-4.43691,4.34099,0.9998601,3.4845001,194.9650577,5
generated,generated,generated_018,90,236,0.07836803048849106,0.18813149631023407,0.09930075705051422,0.13841626048088074,0.17633116883116884,0.06012987012987013,0.06457792207792208,0.14185064935064934,1.8986780643463135,0.16289539142258475,3.4749655723571777,15.0,3.4749655723571777,1.9036376131857458,2.38020362082597,0.033474025974025975,0.02194366790354252,0.9490746855735779,0.297520250082016,-3.18202,1.57115,0.9998224,1.1410717,79.514527,5
generated,generated,generated_019,90,209,0.1623801589012146,0.24557936191558838,0.09781047701835632,0.12498022615909576,0.2901623376623377,0.16237012987012986,0.18805194805194805,0.31886363636363635,2.6770315170288086,0.13642951108263604,4.242599964141846,20.0,4.242599964141846,2.2183873257200046,2.9027960167891154,0.03279220779220779,0.042774099856615067,0.9031413793563843,0.40410783886909485,-3.51585,2.99388,0.9998079,2.4033549,109.9647817,5
generated,generated,generated_020,90,216,0.11695973575115204,0.23119837045669556,0.09408867359161377,0.12660810351371765,0.24548701298701298,0.07967532467532468,0.09292207792207792,0.14954545454545454,3.480121374130249,0.11284065403947266,3.4577155113220215,10.0,3.4577155113220215,1.8883910362506429,2.3362399907277855,0.03214285714285714,0.021400086581707,0.9529322981834412,0.29092124104499817,-1.16592,1.99413,0.9998015,1.4421189,114.5480963,5
generated,generated,generated_021,90,216,0.1927497684955597,0.229319766163826,0.10661716014146805,0.13035275042057037,0.3325974025974026,0.16373376623376623,0.17724025974025975,0.38051948051948054,1.9343106746673584,0.22193063795816664,3.8187482357025146,15.0,3.8187482357025146,2.296151081277967,2.79363370953099,0.0350974025974026,0.050480566918849945,0.8931562900543213,0.4295508861541748,-8.32406,1.24632,0.9997938,1.2918298,88.7035988,5
generated,generated,generated_022,90,250,0.12722299993038177,0.2807917892932892,0.10647136718034744,0.14484919607639313,0.16912337662337662,0.1012012987012987,0.11753246753246753,0.18,2.9743456840515137,0.0939795512699997,3.682811975479126,10.0,3.682811975479126,1.9148157769705407,2.4922225011314603,0.03146103896103896,0.023056071251630783,0.952180027961731,0.292141318321228,-2.319,5.22267,0.999783,2.5110137,141.1689838,5
generated,generated,generated_023,90,208,0.09435198456048965,0.18932828307151794,0.10038366168737411,0.12697213888168335,0.18873376623376623,0.07308441558441559,0.0750974025974026,0.15288961038961038,1.735573410987854,0.17186752919326576,3.7185850143432617,20.0,3.7185850143432617,1.9970087063988131,2.505218761965588,0.03675324675324675,0.024756070226430893,0.9368029832839966,0.32959964871406555,-3.33606,1.0928,0.9997781,1.015064,98.0950577,5
generated,generated,generated_024,90,251,0.7336826920509338,0.24026796221733093,0.09156748652458191,0.12601949274539948,0.6221428571428571,0.19470779220779222,0.2961038961038961,0.56,4.825582981109619,0.16985311592763974,4.3466644287109375,20.0,4.3466644287109375,2.6702499554334302,3.3788983421791694,0.04152597402597403,0.05592913553118706,0.8582953810691833,0.48245367407798767,-5.77405,1.52508,0.9997582,3.0477463,176.9050408,5
generated,generated,generated_025,90,222,0.5157852172851562,0.3081650733947754,0.10936947166919708,0.12989391386508942,0.5489935064935065,0.24704545454545454,0.29837662337662335,0.5511363636363636,3.167257308959961,0.15657498962822466,4.026212215423584,20.0,4.026212215423584,2.4627679223014063,3.010728768317085,0.03896103896103896,0.05439061298966408,0.873272180557251,0.46065786480903625,-8.5253,2.80743,0.9997556,2.0995449,142.1227587,5
generated,generated,generated_026,90,203,0.3470601737499237,0.3206872045993805,0.10313563048839569,0.122641921043396,0.44025974025974024,0.1941883116883117,0.24155844155844156,0.37496753246753245,3.8871867656707764,0.1167389895453259,4.203184604644775,20.0,4.203184604644775,2.315859916071277,2.8715328943899134,0.03493506493506494,0.04687536880373955,0.8906815052032471,0.4313484728336334,-5.57345,2.70865,0.9997544,1.9743007,131.26818,5
generated,generated,generated_027,90,217,0.2494865506887436,0.2898201644420624,0.09766075015068054,0.12585020065307617,0.4059090909090909,0.19253246753246753,0.250487012987013,0.3926298701298701,3.6303210258483887,0.11280326433562568,4.23483943939209,15.0,4.23483943939209,2.3852688481304125,3.010839194595378,0.035454545454545454,0.05231829360127449,0.8871908783912659,0.44187188148498535,-2.87412,3.23052,0.9997011,4.6890797,114.8167899,5
generated,generated,generated_028,90,241,0.23749195039272308,0.33397817611694336,0.11293453723192215,0.13915309309959412,0.31292207792207793,0.16944805194805196,0.19948051948051948,0.3148051948051948,2.9970569610595703,0.11200127277603109,4.694332599639893,20.0,4.694332599639893,2.2417284947316363,2.872683595933868,0.0325,0.04203075170516968,0.9051519632339478,0.40256834030151367,-5.06433,3.27382,0.9995709,1.7212561,115.5774975,5
generated,generated,generated_029,90,212,0.25054898858070374,0.312997967004776,0.094901442527771,0.12020731717348099,0.34733766233766233,0.1475,0.1939935064935065,0.26564935064935064,4.403505325317383,0.08903834958778803,3.63973331451416,12.0,3.63973331451416,2.1498194090046003,2.663375068364463,0.034350649350649354,0.035952161997556686,0.9202544689178467,0.376290887594223,-1.2005,3.11792,0.9994871,3.9469106,153.2665609,5
generated,generated,generated_030,90,245,0.2729661762714386,0.29662588238716125,0.12644249200820923,0.14535222947597504,0.357012987012987,0.19775974025974025,0.2034090909090909,0.41668831168831166,1.597331166267395,0.20713131920093866,4.166368007659912,15.0,4.166368007659912,2.3167673106170645,2.8837565042977493,0.03321428571428572,0.05028263106942177,0.8929290771484375,0.43083927035331726,-10.58917,3.1003,0.9993456,1.3780033,115.9518654,5
generated,generated,generated_031,90,205,0.23737724125385284,0.2804248332977295,0.10910478234291077,0.12482668459415436,0.3812987012987013,0.20633116883116884,0.23292207792207792,0.42288961038961037,2.299278736114502,0.16480642162173478,3.923501968383789,15.0,3.923501968383789,2.368234937906786,2.974098393526493,0.03597402597402597,0.05195437744259834,0.8888158202171326,0.43922296166419983,-8.31357,2.3653,0.99932,1.2046056,73.2530875,5
generated,generated,generated_032,90,231,0.09213829785585403,0.20972169935703278,0.09185080230236053,0.1301046460866928,0.18623376623376622,0.09425324675324676,0.11321428571428571,0.18051948051948052,2.823359489440918,0.11997102927383486,3.6858837604522705,20.0,3.6858837604522705,2.0027748118273156,2.6947527231071597,0.029155844155844157,0.030751056969165802,0.9317428469657898,0.34291478991508484,-0.57274,3.05752,0.9991332,1.9369108,99.7273342,5
generated,generated,generated_033,90,221,0.04374316707253456,0.09559493511915207,0.04775271192193031,0.0938011035323143,0.1375,0.050876623376623374,0.06191558441558442,0.11811688311688312,3.006707191467285,0.19604653051280946,3.9190590381622314,10.0,3.9190590381622314,1.9076975871914503,2.443852447253482,0.03590909090909091,0.02075236104428768,0.9532089829444885,0.2887711226940155,2.50987,0.25998,0.9991116,2.1896161,80.9543089,5
generated,generated,generated_034,90,215,0.07718341052532196,0.1562545895576477,0.07512573897838593,0.12281128764152527,0.21305194805194805,0.09451298701298701,0.11681818181818182,0.20064935064935066,2.9575600624084473,0.16709731203935782,3.6286470890045166,15.0,3.6286470890045166,2.0778523881963618,2.688846291737251,0.032207792207792206,0.033635206520557404,0.9265301823616028,0.35762619972229004,-0.74685,1.67178,0.9989866,3.0270566,88.8492219,5
generated,generated,generated_035,90,205,0.5293426513671875,0.29674917459487915,0.10732124000787735,0.12921105325222015,0.6062337662337662,0.21409090909090908,0.2760714285714286,0.5342532467532467,3.9331858158111572,0.15304810830107715,4.274464130401611,15.0,4.274464130401611,2.5696833555909984,3.2058587441200093,0.03876623376623377,0.05506372079253197,0.8706422448158264,0.47167280316352844,-7.85114,2.69049,0.9989051,2.6939581,156.3555375,5
generated,generated,generated_036,90,208,0.1586092859506607,0.26359468698501587,0.0976932942867279,0.12314032763242722,0.26545454545454544,0.13883116883116883,0.165487012987013,0.26272727272727275,3.055537700653076,0.10919589130447883,4.062716007232666,20.0,4.062716007232666,2.1809972071311923,2.9638345178754366,0.03162337662337662,0.037465766072273254,0.9137460589408875,0.382707417011261,-2.23686,3.14241,0.998859,3.4135644,106.5577867,5
generated,generated,generated_037,90,253,0.11106548458337784,0.24650180339813232,0.10154514014720917,0.13659629225730896,0.1809090909090909,0.0925,0.10623376623376624,0.17295454545454544,2.727201223373413,0.10498768832278046,3.660069704055786,15.0,3.660069704055786,1.9663339348213036,2.5482225834714543,0.03292207792207792,0.02491127699613571,0.9438499212265015,0.31262290477752686,-0.70619,3.48805,0.9987585,1.9499665,101.9552121,5
generated,generated,generated_038,90,206,0.23882520198822021,0.28946980834007263,0.11104577779769897,0.12723565101623535,0.37652597402597404,0.21051948051948052,0.23506493506493506,0.41733766233766234,2.261183977127075,0.16715756439344823,4.533180236816406,15.0,4.533180236816406,2.39356777402818,3.197594411524009,0.033701298701298704,0.05199679359793663,0.8890787959098816,0.44023552536964417,-8.76723,2.46686,0.9987243,1.3000468,76.917088,5
generated,generated,generated_039,90,228,0.22413691878318787,0.30283522605895996,0.12219251692295074,0.13895608484745026,0.2737337662337662,0.1783116883116883,0.1812012987012987,0.31681818181818183,1.6558961868286133,0.162499437461584,3.9968457221984863,20.0,3.9968457221984863,2.19714553704174,2.871210566633881,0.03324675324675325,0.04088614508509636,0.909735918045044,0.3938557803630829,-7.82405,2.9436,0.9987135,1.2563971,130.6294908,5
generated,generated,generated_040,90,253,0.42401447892189026,0.1809961348772049,0.045477237552404404,0.0677511990070343,0.3826948051948052,0.06428571428571428,0.10665584415584416,0.13730519480519482,7.645065784454346,0.08360756107738707,4.9563822746276855,20.0,4.9563822746276855,2.6390254310082075,3.530914274947492,0.04068181818181818,0.053406111896038055,0.860447883605957,0.4834078252315521,4.40704,1.10839,0.2486103,1.3013813,62.0996303,4
generated,generated,generated_041,90,179,0.34550800919532776,0.3025098145008087,0.035140905529260635,0.04908909276127815,0.5196103896103896,0.06733766233766234,0.1009090909090909,0.2887987012987013,7.359797954559326,0.9472622007243288,3.794760227203369,20.0,3.794760227203369,2.4343161773617226,2.9360173208332925,0.03642857142857143,0.05738047510385513,0.869029700756073,0.45495903491973877,-9.19579,-2.95563,0.0,1.1218238,57.6640501,8
generated,generated,generated_042,90,187,0.35578057169914246,0.30348652601242065,0.0724840983748436,0.09084740281105042,0.49694805194805197,0.20165584415584414,0.21094155844155843,0.5195454545454545,1.8425006866455078,0.6439284621673618,3.8510632514953613,10.0,3.8510632514953613,2.3908702386547573,2.866304903931886,0.036948051948051945,0.05934455245733261,0.8821561336517334,0.45328179001808167,-20.36049,-1.48846,0.0,5.888244,251.1469617,7
generated,generated,generated_043,90,227,0.3810347616672516,0.17363527417182922,0.04993690922856331,0.06857914477586746,0.3723051948051948,0.07217532467532467,0.11737012987012987,0.13957792207792208,6.721192836761475,0.08049349001504759,4.5746564865112305,20.0,4.5746564865112305,2.6245374102984003,3.3984248646607442,0.03918831168831169,0.04302864521741867,0.8753902316093445,0.45998215675354004,5.10726,1.61895,0.342346,1.5520676,103.9587744,0
generated,generated,generated_044,90,243,0.07965807616710663,0.20719099044799805,0.07981783151626587,0.12753306329250336,0.1774025974025974,0.062175324675324675,0.07928571428571428,0.1112012987012987,4.106362819671631,0.09320512571810309,4.101897239685059,20.0,4.101897239685059,1.8289121989851655,2.5381960239278034,0.029253246753246753,0.019521621987223625,0.9520679712295532,0.2794780135154724,1.3884,3.40036,0.9720947,4.5690278,112.1966249,5
generated,generated,generated_045,90,209,0.4284859597682953,0.33054646849632263,0.06529920548200607,0.08616850525140762,0.5003246753246753,0.19327922077922077,0.2077922077922078,0.5459415584415584,2.2269227504730225,0.7132255189969019,3.9274837970733643,10.0,3.9274837970733643,2.439740700118372,3.041936861250226,0.037305194805194807,0.059034813195466995,0.8777632713317871,0.459272563457489,-22.87475,-0.64128,0.0,1.1880968,74.3554704,9
generated,generated,generated_046,90,235,0.3144575357437134,0.23163887858390808,0.06750859320163727,0.08762601763010025,0.43327922077922076,0.07535714285714286,0.13275974025974027,0.14454545454545453,8.785380363464355,0.076454862046641,4.685689926147461,15.0,4.685689926147461,2.6494104268780814,3.4568748806715073,0.04146103896103896,0.0507950633764267,0.8656968474388123,0.4748414158821106,6.49085,3.05983,0.4225255,4.6141404,242.6051421,3
generated,generated,generated_047,90,217,0.2494865506887436,0.2898201644420624,0.09766075015068054,0.12585020065307617,0.4059090909090909,0.19253246753246753,0.250487012987013,0.3926298701298701,3.6303210258483887,0.11280326433562568,4.23483943939209,15.0,4.23483943939209,2.3852688481304125,3.010839194595378,0.035454545454545454,0.05231829360127449,0.8871908783912659,0.44187188148498535,-2.87412,3.23052,0.9997011,4.6890797,114.8167899,5
generated,generated,generated_048,90,181,0.36626723408699036,0.2982957661151886,0.044654231518507004,0.061351656913757324,0.49194805194805197,0.15292207792207793,0.19058441558441558,0.5088961038961038,3.243377923965454,0.8453465048109228,3.761352300643921,12.0,3.761352300643921,2.405462846197951,2.9740918682270197,0.03782467532467532,0.059589628130197525,0.8778135776519775,0.4568202495574951,-12.81518,-0.71143,0.0,5.1575908,153.3227941,7
generated,generated,generated_049,90,212,0.22642089426517487,0.2109856754541397,0.07883851230144501,0.09909136593341827,0.35435064935064936,0.1481818181818182,0.18694805194805195,0.2896103896103896,3.5220136642456055,0.12382780241120216,4.371692180633545,20.0,4.371692180633545,2.529828972750614,3.2178633408441257,0.03811688311688312,0.0547490194439888,0.8700090050697327,0.4634426534175873,0.4839,1.87846,0.5367311,1.9756183,67.4103821,4
generated,generated,generated_050,90,233,0.612150251865387,0.19728893041610718,0.059346508234739304,0.07919611036777496,0.5924025974025974,0.06993506493506493,0.19194805194805195,0.3052922077922078,7.898375511169434,0.12407503099986027,5.395374774932861,15.0,5.395374774932861,2.590933596387284,3.359660569720448,0.04064935064935065,0.060297317802906036,0.8623604774475098,0.47888514399528503,-0.10226,1.06537,0.3517302,1.5766476,135.3032686,4
generated,generated,generated_051,90,186,0.3719499409198761,0.2709043622016907,0.059107787907123566,0.07756144553422928,0.5026948051948052,0.19275974025974027,0.2106818181818182,0.5645454545454546,2.3246662616729736,0.6989221314114006,4.239748954772949,20.0,4.239748954772949,2.45832497081596,3.0772300703111295,0.03788961038961039,0.05834893137216568,0.8671908378601074,0.4590970277786255,-18.61536,-3.10367,0.0,1.5725884,73.6891297,8
generated,generated,generated_052,90,236,0.2845726013183594,0.2014112025499344,0.07405796647071838,0.09586037695407867,0.35373376623376623,0.10224025974025974,0.12392857142857143,0.19337662337662337,4.196766376495361,0.10648718764402669,4.975207328796387,20.0,4.975207328796387,2.5960091697092547,3.379650033363837,0.04019480519480519,0.04816408455371857,0.8696703910827637,0.4677029550075531,2.473,1.79579,0.4925526,1.5094133,83.1363105,3
generated,generated,generated_053,90,248,0.213043674826622,0.17757545411586761,0.05297145992517471,0.09049671143293381,0.34474025974025974,0.040746753246753246,0.046136363636363635,0.08987012987012986,26.236522674560547,0.06889366322700621,6.681862831115723,20.0,6.681862831115723,2.591388703819777,3.3910388657745787,0.04022727272727273,0.04033590853214264,0.8822845220565796,0.45375770330429077,5.27343,1.49296,0.4446332,1.0436719,87.9579286,6
generated,generated,generated_054,90,239,0.5077903270721436,0.14160118997097015,0.03545645624399185,0.050223711878061295,0.5072077922077922,0.005779220779220779,0.13064935064935065,0.08077922077922078,11.279170989990234,0.09561738382233322,5.545572280883789,15.0,5.545572280883789,2.8402195506488987,3.702498854049368,0.04561688311688312,0.06139746680855751,0.8437853455543518,0.5126841068267822,6.83424,1.86505,0.153705,5.7916193,206.0974619,1
generated,generated,generated_055,90,245,0.30591803789138794,0.2285170555114746,0.0749555379152298,0.09013690799474716,0.4023376623376623,0.165487012987013,0.21896103896103897,0.30646103896103893,4.049734115600586,0.11097805757689254,4.0123419761657715,20.0,4.0123419761657715,2.5260336855992382,3.162865120499607,0.038603896103896106,0.057844724506139755,0.8660063743591309,0.4673144221305847,1.99285,2.97352,0.3248605,3.0468629,167.3688531,4
generated,generated,generated_056,90,212,0.43853846192359924,0.33363768458366394,0.06954345852136612,0.0903247743844986,0.5050324675324676,0.19584415584415585,0.2087012987012987,0.5366558441558441,2.028982639312744,0.6876901787297128,4.017547130584717,15.0,4.017547130584717,2.451184426126332,3.0066393427370848,0.037564935064935065,0.059406816959381104,0.8712835311889648,0.4609608054161072,-20.88447,-0.41158,0.0,1.6019088,98.0725883,7
generated,generated,generated_057,90,235,0.11812297254800797,0.16874055564403534,0.08534476906061172,0.12465470284223557,0.2087987012987013,0.06931818181818182,0.08022727272727273,0.15737012987012988,2.52302885055542,0.1580681107514648,4.567230224609375,20.0,4.567230224609375,2.429956067061568,3.1464421976332226,0.038831168831168834,0.039819106459617615,0.8968182802200317,0.42318668961524963,0.14637,0.4222,0.767902,1.4563984,53.8400833,2
generated,generated,generated_058,90,201,0.16891701519489288,0.2019454687833786,0.07340871542692184,0.0883605107665062,0.3053896103896104,0.11688311688311688,0.15396103896103897,0.22496753246753246,4.0198564529418945,0.12135605801158843,4.587854862213135,15.0,4.587854862213135,2.3762320902414675,3.2524258034941753,0.03720779220779221,0.04175807535648346,0.8992651700973511,0.4210962653160095,0.12772,1.15502,0.4770905,1.0476079,97.8147615,2
generated,generated,generated_059,90,179,0.35036683082580566,0.3153263032436371,0.08277476578950882,0.09969625622034073,0.5004220779220779,0.1971103896103896,0.20237012987012987,0.46444805194805194,1.5873889923095703,0.6162152248009845,4.1222825050354,15.0,4.1222825050354,2.4539903700297336,3.009196646225116,0.03857142857142857,0.05886975675821304,0.871530294418335,0.4619915783405304,-21.78666,-0.08418,0.0,3.5022199,157.5029262,7
generated,generated,generated_060,90,210,0.15284046530723572,0.11744250357151031,0.04343276098370552,0.06730306893587112,0.33824675324675324,0.07584415584415584,0.14652597402597403,0.17847402597402598,6.051219463348389,0.136438574809467,4.272587776184082,20.0,4.272587776184082,2.4416757345384115,3.147802297411777,0.037597402597402595,0.05355336517095566,0.8765319585800171,0.4534931182861328,5.09545,1.30712,0.5101876,3.4099378,88.1334318,2
generated,generated,generated_061,90,231,0.10274259746074677,0.17479929327964783,0.06483788788318634,0.10401730984449387,0.28775974025974027,0.05866883116883117,0.08042207792207792,0.10597402597402597,12.283066749572754,0.0921448465824587,4.5935821533203125,20.0,4.5935821533203125,2.29732535641064,3.1756848357887275,0.03493506493506494,0.0321430079638958,0.9157251119613647,0.382104754447937,5.69464,2.61503,0.5897493,4.3213356,149.6206743,6
generated,generated,generated_062,90,238,0.32470640540122986,0.147590771317482,0.04433221369981766,0.07471214234828949,0.4444805194805195,0.030487012987012986,0.07675324675324675,0.06844155844155844,20.352203369140625,0.08219929840625315,4.943412780761719,12.0,4.943412780761719,2.4821141378443077,3.185358884814363,0.03853896103896104,0.04174746945500374,0.8877614736557007,0.44456395506858826,8.72373,2.41782,0.3791511,4.8215603,170.0498209,3
generated,generated,generated_063,90,226,0.28624987602233887,0.18738164007663727,0.05153210461139679,0.05863909795880318,0.5139935064935065,0.008506493506493507,0.18743506493506493,0.26431818181818184,8.829679489135742,0.1136997461362295,4.0834059715271,20.0,4.0834059715271,2.5392462905830406,3.2154442525490627,0.039480519480519484,0.05850723013281822,0.8626677989959717,0.47320306301116943,6.37314,1.17845,0.314261,1.1624269,50.763719,4
generated,generated,generated_064,90,224,0.4051600992679596,0.27812105417251587,0.03507373854517937,0.05051063001155853,0.4302922077922078,0.010487012987012987,0.05824675324675325,0.0424025974025974,17.296524047851562,0.029378261011902346,5.657796382904053,15.0,5.657796382904053,2.2987115152122843,3.053268540056961,0.03331168831168831,0.03692065179347992,0.9047476649284363,0.40470582246780396,9.46009,2.57452,0.0726759,1.4044463,133.7350492,3
generated,generated,generated_065,90,210,0.3094378411769867,0.17575469613075256,0.017969466745853424,0.04306889325380325,0.44016233766233764,0.01172077922077922,0.022954545454545453,0.02474025974025974,55.49331283569336,0.02613029895542258,4.363317966461182,20.0,4.363317966461182,2.319678511618521,3.2403872669559357,0.03538961038961039,0.0277868565171957,0.9073730707168579,0.40134721994400024,10.64575,1.11478,0.1775358,1.0071217,83.3650459,0
generated,generated,generated_066,90,236,0.43780678510665894,0.3394888639450073,0.1117553785443306,0.1350613534450531,0.49217532467532465,0.24652597402597404,0.2937987012987013,0.5193181818181818,3.0381572246551514,0.13453731323592422,4.302064895629883,15.0,4.302064895629883,2.4538105559214984,3.118955347628793,0.037954545454545456,0.055299025028944016,0.8771976232528687,0.4607921540737152,-7.72749,3.12885,0.9740734,1.5838775,108.1983766,5
generated,generated,generated_067,90,182,0.36229681968688965,0.3212873041629791,0.02887818217277527,0.04186097905039787,0.4720779220779221,0.07545454545454545,0.10344155844155845,0.24428571428571427,7.057814121246338,0.9935753041374865,3.4468114376068115,12.0,3.4468114376068115,2.232756051004684,2.7835262523896556,0.03288961038961039,0.04878590628504753,0.8992182612419128,0.4172563850879669,-2.83784,-2.41447,0.0,3.1537795,97.9693278,8
generated,generated,generated_068,90,248,0.24945630133152008,0.19649887084960938,0.06557153165340424,0.0930565670132637,0.30402597402597403,0.06555194805194806,0.12204545454545454,0.1287987012987013,6.122513294219971,0.08054019176829827,3.9470605850219727,10.0,3.9470605850219727,2.138625013863387,2.814800552070882,0.03493506493506494,0.028959989547729492,0.9286766052246094,0.35920530557632446,6.01395,2.14562,0.6029062,3.6130095,158.6252181,2
generated,generated,generated_069,90,216,0.16380006074905396,0.1555020660161972,0.06934294104576111,0.10638023912906647,0.22444805194805195,0.0851948051948052,0.10353896103896104,0.18646103896103897,3.1018917560577393,0.14952382736031633,3.8610010147094727,20.0,3.8610010147094727,2.370311311456437,3.048890610135675,0.036948051948051945,0.038798987865448,0.8966540694236755,0.41983816027641296,0.80276,0.4415,0.7162026,1.3745661,81.7671562,2
generated,generated,generated_070,90,226,0.23088163137435913,0.2875542938709259,0.10229180753231049,0.12088661640882492,0.3341233766233766,0.1836038961038961,0.21159090909090908,0.3641558441558442,2.6939797401428223,0.13374775350486257,5.31615686416626,15.0,5.31615686416626,2.3250913098920125,3.1455308782619547,0.03383116883116883,0.046554796397686005,0.8953109979629517,0.42418861389160156,-5.20846,2.2132,0.7365022,1.3411848,97.8276815,0
generated,generated,generated_071,90,196,0.3915216028690338,0.2631343901157379,0.030496928840875626,0.04411258548498154,0.4910064935064935,0.06954545454545455,0.14314935064935064,0.29613636363636364,6.302817344665527,0.932518280545299,3.899630546569824,15.0,3.899630546569824,2.4520648102081184,3.021185166057174,0.03746753246753247,0.05826350674033165,0.8720441460609436,0.45828139781951904,-5.73586,-3.20976,0.0,1.8137441,61.1337446,7
generated,generated,generated_072,90,214,0.35646626353263855,0.2897767722606659,0.07869723439216614,0.09931866824626923,0.48295454545454547,0.12467532467532468,0.2364935064935065,0.29178571428571426,6.423198223114014,0.08486748086459023,5.31264591217041,15.0,5.31264591217041,2.6235366613508417,3.523916820606004,0.03957792207792208,0.054051633924245834,0.8686089515686035,0.47466152906417847,0.881,2.80825,0.6312003,4.5575944,144.0526914,6
generated,generated,generated_073,90,187,0.38512346148490906,0.24641962349414825,0.020378949120640755,0.029521163552999496,0.47454545454545455,0.03931818181818182,0.0575974025974026,0.11016233766233766,15.55136775970459,1.0158360447780717,3.7016546726226807,20.0,3.7016546726226807,2.441975258034702,2.9485165836535168,0.038831168831168834,0.057629939168691635,0.8695275187492371,0.45711493492126465,9.83167,-1.20417,0.0,2.2972191,65.5651693,9
generated,generated,generated_074,90,242,0.24107825756072998,0.1482546478509903,0.018875231966376305,0.041836582124233246,0.3893831168831169,0.016558441558441557,0.03146103896103896,0.03724025974025974,50.131683349609375,0.035772557129122244,4.967936038970947,20.0,4.967936038970947,2.2901482399075705,3.118818639967345,0.03425324675324675,0.02999432384967804,0.9078174233436584,0.40015342831611633,8.64047,-0.42202,0.344068,1.4673963,59.5606833,1
generated,generated,generated_075,90,180,0.36849939823150635,0.27346667647361755,0.05070633441209793,0.06478309631347656,0.5049350649350649,0.17779220779220778,0.20733766233766235,0.5356493506493506,2.8270697593688965,0.7644188058908337,3.7924141883850098,20.0,3.7924141883850098,2.4697861400335164,3.0516174943942462,0.0376948051948052,0.058904893696308136,0.8668093085289001,0.4607279598712921,-11.41368,-2.98757,0.0,3.9832945,113.0557852,7
generated,generated,generated_076,90,201,0.19782567024230957,0.2092292159795761,0.06852857023477554,0.09116540849208832,0.372987012987013,0.08087662337662338,0.11704545454545455,0.16331168831168832,6.932809829711914,0.08669416006392773,5.328547954559326,20.0,5.328547954559326,2.5553602720855717,3.5584603005528543,0.03814935064935065,0.049288664013147354,0.8739498853683472,0.45829227566719055,4.05618,2.3071,0.4072107,1.6064073,117.2174206,0
generated,generated,generated_077,90,197,0.4067624509334564,0.2716023027896881,0.05675506591796875,0.0748509019613266,0.5041233766233766,0.18597402597402599,0.20681818181818182,0.5574350649350649,2.4602646827697754,0.7107115091023496,3.962801694869995,20.0,3.962801694869995,2.4756313203799456,3.013555095441884,0.038214285714285715,0.05864037573337555,0.8669325709342957,0.4597894251346588,-17.71079,-3.3586,0.0,2.7583289,141.4880385,8
generated,generated,generated_078,90,224,0.28298020362854004,0.22558851540088654,0.055909525603055954,0.06715701520442963,0.4669805194805195,0.04876623376623376,0.12886363636363637,0.22516233766233767,7.631038188934326,0.07204384130847896,4.108124256134033,20.0,4.108124256134033,2.4070052107455027,2.9895821160827754,0.03665584415584416,0.053651824593544006,0.8757883906364441,0.4481411278247833,8.32879,3.55764,0.1048449,1.6419608,82.1064368,3
generated,generated,generated_079,90,212,0.42559564113616943,0.3644040524959564,0.06092008575797081,0.08146151155233383,0.4943506493506494,0.16616883116883116,0.19006493506493508,0.5308116883116883,2.471424102783203,0.8148053820475493,4.045001983642578,20.0,4.045001983642578,2.456441930413041,3.001905602796791,0.037175324675324674,0.058584343641996384,0.8667933940887451,0.45914968848228455,-21.96251,0.08958,0.0,1.1929752,87.9858818,7
